userId,movieId,tag,timestamp
6,4973,beautifully filmed,1242761120
6,4973,connection,1242761139
6,4973,fairy tale,1242761118
6,4973,feel-good,1242761125
6,4973,love,1242761116
6,4973,quirky,1242761114
6,5137,documentary,1218190077
6,5137,hip hop,1218190077
6,5137,music,1218190077
6,5137,turntablism,1218190077
6,7361,Jim Carrey,1242761034
6,7361,love,1242761050
6,7361,memory,1242761052
6,7361,philosophy,1242761045
6,7361,quirky,1242761041
6,7361,romance,1242761043
6,7361,thought-provoking,1242761070
6,46976,connection,1242760979
6,46976,Maggie Gyllenhaal,1242760913
6,46976,passion,1242761007
6,46976,quirky romantic,1242760964
6,46976,surreal,1242760928
6,46976,Will Ferrell,1242760925
7,1252,Los Angeles,1149270238
7,1252,nicolson,1149270222
22,370,Comedy,1146841942
22,595,Disney,1146841965
22,5060,comedy classic,1146841926
25,364,animation,1335395419
25,364,Rowan Atkinson,1335395425
25,480,based on a book,1335395452
25,480,dinosaurs,1335395449
25,480,genetics,1335395464
25,480,science,1335395459
25,480,Steven Spielberg,1335395457
25,750,black and white,1335401680
25,750,black comedy,1335401658
25,750,British,1335401662
25,750,cold war,1335401660
25,750,dark comedy,1335401656
25,750,military,1335401676
25,750,nuclear war,1335401653
25,750,Quirky,1335401655
25,750,satire,1335401665
25,750,satirical,1335401667
25,750,US president,1335401670
25,1079,black comedy,1335401697
25,1079,dark comedy,1335401700
25,1079,John Cleese,1335401693
25,1079,quirky,1335401695
25,1080,British,1335401495
25,1080,british comedy,1335401510
25,1080,controversial,1335401508
25,1080,mockumentary,1335401499
25,1080,Monty Python,1335401497
25,1080,satire,1335401501
25,1080,Terry Gilliam,1335401503
25,1136,British,1335401519
25,1136,british comedy,1335401529
25,1136,medieval,1335401525
25,1136,Monty Python,1335401521
25,1136,satire,1335401522
25,2542,black comedy,1335401473
25,2542,British,1335401467
25,2542,dark comedy,1335401469
25,2542,england,1335401487
25,2542,marijuana,1335401479
25,2542,Nudity (Topless),1335401484
25,2542,poker,1335401477
25,6502,British,1335401444
25,6502,Post apocalyptic,1335401447
25,6502,post-apocalyptic,1335401448
25,6502,sci-fi,1335401454
25,6502,survival,1335401450
25,6502,Zombie,1335401452
25,6539,adventure,1335395368
25,6539,Johnny Depp,1335395381
25,6539,pirates,1335395371
25,6539,Pixar,1335395373
25,6539,Suspense,1335395377
25,6539,Zombies,1335395378
25,6807,british comedy,1335401541
25,6807,controversial,1335401543
25,6807,John Cleese,1335401539
25,6807,Monty Python,1335401537
25,6942,british,1335401364
25,6942,England,1335401378
25,6942,multiple storylines,1335401369
25,6942,Nudity (Topless - Notable),1335401370
25,6942,Nudity (Topless),1335401373
25,8874,black comedy,1335401555
25,8874,break-up,1335401560
25,8874,British,1335401559
25,8874,british comedy,1335401557
25,8874,england,1335401563
25,8874,gore,1335401566
25,8874,Simon Pegg,1335401553
25,8874,zombie,1335401569
25,51255,black comedy,1335401714
25,51255,British,1335401716
25,51255,british comedy,1335401712
25,51255,dystopia,1335401718
25,51255,parody,1335401710
25,51255,Simon Pegg,1335401709
25,72998,culture clash,1335395346
25,72998,romance,1335395340
25,72998,sci-fi,1335395335
25,93840,ancient gods,1335395295
25,93840,clever,1335395290
25,93840,funny,1335395285
25,93840,original,1335395283
25,93840,original plot,1335395288
51,339,PG,1340484172
51,932,TV-G,1340747335
51,940,Approved,1340747297
51,969,UR,1340747369
51,1023,G,1340484096
51,1059,PG-13,1340484118
51,1934,TV-G,1340483977
51,2132,TV-MA,1340484136
51,3736,Approved,1340747230
51,3793,PG-13,1340484041
51,6333,PG-13,1340484016
51,6385,PG-13,1340484196
51,6856,TV-G,1340483999
51,7121,NR,1340747262
51,7836,R,1340484047
51,45499,PG-13,1340484030
51,90376,R,1340484219
51,95313,short,1341235331
98,344,comedy,1309494094
98,346,Beatles,1309565374
98,408,Luke Perry,1309493396
98,1127,sci-fi,1309494038
98,1214,Horror,1309493003
98,1214,Ridley Scott,1309492954
98,1251,Federico Fellini,1309493259
98,2071,based on a book,1309492842
98,2730,Stanley Kubrick,1309566125
98,3710,Carl Weathers,1309494203
98,3970,Lucio Fulci,1309567390
98,3986,Arnold Schwarzenegger,1309493188
98,4370,Steven Spielberg,1309493605
98,5154,Nudity (Full Frontal),1309547738
98,5810,Eminem,1309493323
98,5902,based on a book,1309494267
98,5902,Charlie Kaufman,1309494304
98,5902,Spike Jonze,1309494304
98,6440,Coen Brothers,1309566135
98,7419,Martin Scorsese,1309494667
98,8838,Martin Scorsese,1309492881
98,8838,Oscar (Best Actress),1309492896
98,8906,controversial,1309493104
98,33585,unsimulated sex scenes,1309493532
98,54190,Julie Taymor,1309494156
98,56169,Jessica Alba,1309565015
98,80928,stand-up comedy,1309544936
130,599,Sam Peckinpah,1153783565
130,912,classic,1153781717
130,1219,Hitchcock,1153783569
130,1262,Steve McQueen,1153783027
130,2164,Worst movie ever,1154126203
130,3198,Steve McQueen,1153840533
130,3339,Sam Peckinpah,1153783896
130,4327,Steve McQueen,1153840583
130,5952,overrated,1153781710
130,6301,Sam Peckinpah,1153783968
130,6730,Sam Peckinpah,1153786141
130,7076,Steve McQueen,1153783629
130,7410,Sam Peckinpah,1153918587
130,7889,Sam Peckinpah,1153782810
130,7895,Sam Peckinpah,1153840812
130,7896,Sam Peckinpah,1153781899
130,7897,Sam Peckinpah,1153782938
130,7898,Sam Peckinpah,1153920286
130,8016,Sam Peckinpah,1153782333
146,1047,bad ass female lead,1431483418
146,3550,bad ass female lead,1431483226
146,3996,bad ass female lead,1431483027
146,26674,bad ass female lead,1431483595
146,33679,Angelina Jolie,1431483384
146,33679,bad ass female lead,1431483381
146,37386,bad ass female lead,1431483267
146,37386,female warriors,1431483291
146,79293,Angelina Jolie,1431483350
146,79293,bad ass female lead,1431483055
146,81229,bad ass female lead,1431483452
146,81229,Helen Mirren,1431483461
146,91500,bad ass female lead,1431483092
146,106487,bad ass female lead,1431483118
146,116823,bad ass female lead,1431483135
159,3760,Samuel L. Broncowitz,1419984219
159,4121,80's cult movie,1433099300
159,4121,miniaturization,1433099158
159,4121,trapped in a human body,1433099190
159,94466,dystopia,1420090177
159,94466,technology,1420090163
159,94466,tv series,1420090172
159,114244,dining club,1419953291
159,114244,oxford,1419953330
159,114244,oxford university,1419953284
159,114673,absurd humor,1412383978
159,114673,director cameo,1412383978
159,114673,one word title,1412383978
159,116913,french,1416107602
159,116913,spy,1416107588
159,116913,WWII,1416107125
159,116915,giallo,1416107820
159,116915,superstition,1416107865
159,133897,pessimism,1432598878
159,133897,poetry,1432598802
159,133897,romanticism,1432598857
163,296,crime,1427742330
163,296,highly quotable,1427742330
163,296,non-linear,1427742330
167,71468,alternate reality,1437510184
167,103667,quirky,1393559621
171,3949,drugs,1147646718
171,4878,psychology,1147646865
171,4878,time travel,1147646863
185,6539,keira knightley,1151715284
205,91140,christophe honoré,1432913696
205,91140,french,1432913696
205,91140,louis garrel,1432913696
219,260,classic sci-fi,1436114344
219,260,space adventure,1436114334
227,40278,not a war movie.,1150589212
228,260,classic sci-fi,1436461542
228,260,sci-fi,1436461529
231,296,nonlinear,1221252894
231,2076,David Lynch,1221784796
231,4848,David Lynch,1221784873
231,32587,Quentin Tarantino,1221252806
231,56174,based on a book,1221253206
231,56174,zombies,1221253209
238,296,fun,1430567747
238,296,great soundtrack,1430567747
238,296,strangely compelling,1430567747
238,356,amazing soundtrack,1436256255
238,356,good actors,1436256255
238,356,simply charming,1436256255
238,1584,inspirational,1392388636
238,1584,Jodie Foster,1392388634
238,1584,religion,1392388661
238,1584,space,1392388645
238,1584,space travel,1392388654
238,1653,futuristic,1392388601
238,1653,powerful ending,1392388603
238,1653,thought-provoking,1392388606
238,97752,philosophy,1392411631
238,97752,thought-provoking,1392411633
238,97752,visually appealing,1392411635
242,296,Quentin Tarantino,1300211887
242,1089,Quentin Tarantino,1300212244
242,2117,based on a book,1300211849
242,2959,based on a book,1300211984
242,2959,social commentary,1300211988
242,2959,surreal,1300212009
242,3481,based on a book,1300211970
242,3481,relationships,1300211960
242,3949,psychology,1300212262
242,3949,social commentary,1300212261
242,4027,Coen Brothers,1300211911
242,5418,espionage,1300210478
242,7361,romance,1300212054
242,7361,surreal,1300212048
242,44191,politics,1300212116
242,44191,social commentary,1300212113
242,45950,propaganda,1300211387
242,54999,satire,1300212144
242,55247,self discovery,1300212354
242,55820,coen brothers,1300212290
242,69757,quirky,1300212099
242,69757,romance,1300212074
242,71464,coen brothers,1300212177
242,71464,dark comedy,1300212193
242,79702,cultural references,1300212216
249,5903,to watch,1432548111
249,78574,to watch,1432548292
255,648,suspense,1142099827
255,2355,fun,1142099760
263,115713,futuristic,1436140139
263,115713,plot twist,1436140154
263,115713,sci-fi,1436140136
263,115713,thought provoking,1436140132
265,260,George Lucas,1432080454
265,260,Harrison Ford,1432080461
275,5995,holocaust,1137972371
275,6235,true story,1137273990
275,7256,true story,1137274016
284,296,funny,1422024060
284,296,quirky,1422024060
284,296,witty dialogue,1422024060
284,112421,domhnall gleeson,1422025143
284,112421,Michael Fassbender,1422025054
284,112421,soundtrack,1422025061
285,150,true story,1155001343
285,1610,books,1155001341
285,1610,clancy,1155001341
286,4306,almost favorite,1170551806
291,2727,Stanley Kubrick,1395331801
291,68157,dark comedy,1395329126
291,69122,Hangover,1395329148
291,80191,Stanley Kubrick,1395331378
291,109487,relativity,1433774731
291,109487,thought-provoking,1433774726
291,109487,twist ending,1433774737
302,260,feel-good,1430914660
302,260,Innovative,1430914646
302,296,iconic,1431656987
302,296,r:disturbing violent images,1431656987
302,296,stylized,1431656987
302,318,epic,1432612168
302,318,inspirational,1432612168
302,318,prison escape,1432612168
302,480,dinosaurs,1433585034
302,480,dynamic cgi action,1433585034
302,480,suspense,1433585034
302,116897,anger,1433585197
302,116897,argentina,1433585078
302,116897,bureaucracy,1433585186
302,116897,common man,1433585174
302,116897,corruption,1433585084
302,116897,Excellent acting,1433585208
302,116897,hot kisses,1433585136
302,116897,revenge,1433585093
302,116897,road rage,1433585227
302,116897,violence,1433585114
302,116897,wedding scene,1433585130
334,296,Dialogue,1337184364
341,37857,Neil Gaiman,1229916247
346,1754,boring,1361056498
346,1754,too long,1361056501
346,1754,unreliable narrators,1361056515
346,1994,ghosts/afterlife,1360986995
346,1994,not too scary,1360986996
346,5980,creepy,1366252127
346,5980,tense,1366252121
346,55814,beautiful,1360987042
346,67197,everything,1360987288
346,67197,it's over and I'll never see it again,1360987285
346,67197,lame ending,1360987293
346,78836,beautiful,1296786707
346,78836,colourful,1296786713
346,78836,lack of plot,1296786701
346,78836,technically astounding,1296786721
346,91529,long,1360986943
346,94558,amazing,1360986882
346,94558,beautiful,1360986848
346,94558,boring,1360986861
346,94558,christopher hated it,1360986861
346,94558,long,1360986850
346,94558,new idea,1360986874
346,94558,plotless,1360986887
346,96610,genre-bending,1360987253
346,96610,unexpected,1360987253
346,96610,violent,1360987230
346,97866,surreal,1360986955
346,97921,cliche,1360986688
346,97921,cured by love/hope,1360986818
346,97921,lame ending,1360986715
346,97921,mental illness,1360986706
346,98961,america,1360986761
346,98961,predictable,1360986757
346,99007,cured by love/hope,1360986799
346,99007,unconventional,1360986919
346,99007,zombies,1360986905
346,99114,black people,1360986620
346,99114,brutal,1360986632
346,99114,lengthy,1360986615
346,99114,violence,1360986604
349,1,pixar,1137206825
349,2,game,1137375552
349,5,pregnancy,1137373903
349,5,remake,1137373903
349,7,remake,1137375642
349,11,politics,1137374904
349,11,president,1137374904
349,14,politics,1137375623
349,14,president,1137375623
349,16,Mafia,1137181640
349,17,Jane Austen,1137181153
349,21,Hollywood,1137206178
349,22,serial killer,1137375496
349,25,alcoholism,1138137555
349,26,Shakespeare,1138137603
349,28,In Netflix queue,1137201942
349,28,Jane Austen,1137180037
349,29,kidnapping,1138137473
349,31,high school,1137375502
349,31,teacher,1137375502
349,32,time travel,1137206826
349,34,Animal movie,1137180956
349,34,pigs,1137205237
349,36,death penalty,1137202363
349,36,Nun,1137191227
349,38,twins,1137373760
349,39,Emma,1138137492
349,39,Jane Austen,1138137492
349,40,In Netflix queue,1137202107
349,40,South Africa,1137202107
349,41,Shakespeare,1138137646
349,43,England,1138137640
349,45,Journalism,1137206826
349,46,wedding,1137375539
349,47,serial killer,1137206452
349,50,heist,1137206826
349,52,adoption,1137206315
349,52,prostitution,1137206371
349,58,writing,1138137613
349,62,music,1137374957
349,92,Jekyll and Hyde,1138137574
349,96,theater,1138137537
349,101,crime,1138137460
349,104,golf,1137374014
349,107,muppets,1137375573
349,110,Scotland,1137180974
349,111,assassination,1137206513
349,116,Holocaust,1138040398
349,122,dating,1137373679
349,140,journalism,1137375031
349,150,moon,1137205234
349,150,NASA,1137180977
349,150,space,1137205233
349,153,superhero,1137375453
349,160,Michael Crichton,1137373726
349,161,submarine,1138137497
349,162,In Netflix queue,1137202038
349,185,computers,1137375604
349,199,Made me cry,1137203124
349,215,generation X,1138040410
349,216,school,1137373675
349,222,Ireland,1137181644
349,223,generation X,1138137480
349,224,mental illness,1138137516
349,224,psychology,1138137516
349,230,Stephen King,1138137506
349,232,In Netflix queue,1137201027
349,235,movie business,1137181651
349,237,basketball,1138137528
349,237,France,1138137528
349,237,infertility,1138137528
349,246,basketball,1137784780
349,247,Australia,1137181666
349,249,Beethoven,1137181672
349,252,Einstein,1137374021
349,257,court,1137375555
349,260,darth vader,1137206494
349,260,luke skywalker,1137206496
349,260,space opera,1137206504
349,261,Louisa May Alcott,1137181688
349,262,England,1137206203
349,262,Girl Power,1137206203
349,262,India,1137206203
349,272,England,1138137566
349,272,mental illness,1138137566
349,277,Christmas,1137374027
349,279,In Netflix queue,1137202159
349,280,prison,1137375585
349,282,disability,1137375594
349,282,twins,1137375594
349,290,In Netflix queue,1137201907
349,293,hit men,1138137619
349,296,hit men,1137205001
349,300,TV,1137206376
349,307,Death,1137203087
349,308,marriage,1137206827
349,316,time travel,1138137673
349,317,Christmas,1137374047
349,318,prison,1137205060
349,318,Stephen King,1137181171
349,318,wrongful imprisonment,1137205064
349,326,In Netflix queue,1137201797
349,329,Enterprise,1137206491
349,337,mental illness,1137206828
349,338,serial killer,1137375662
349,339,coma,1138137781
349,342,Australia,1138137593
349,342,weddings,1138137593
349,345,cross dressing,1138040381
349,345,men in drag,1138040381
349,345,remade,1138040381
349,349,Tom Clancy,1137180961
349,350,John Grisham,1137375482
349,351,interracial romance,1137374008
349,356,shrimp,1137375519
349,356,Vietnam,1137375519
349,357,wedding,1137375527
349,361,gambling,1138137551
349,363,Holocaust,1137202123
349,363,In Netflix queue,1137202123
349,364,Disney,1137180959
349,371,journalism,1137375629
349,377,bus,1137206476
349,380,spies,1137206826
349,381,alcoholism,1137375043
349,412,Edith Wharton,1137181633
349,421,horses,1138040415
349,425,mental illness,1138040434
349,425,Oscar (Best Actress),1138040434
349,440,President,1137191329
349,454,John Grisham,1137181658
349,457,based on a TV show,1137784717
349,471,hula hoop,1137375547
349,474,assassination,1138137543
349,475,Ireland,1137181677
349,477,biopic,1138137776
349,480,Dinosaur,1137202921
349,488,Japan,1137375570
349,488,sexuality,1137375570
349,497,Shakespeare,1137181143
349,500,cross dressing,1137374959
349,500,divorce,1137374961
349,500,men in drag,1137374967
349,508,AIDs,1137375634
349,513,radio,1138137637
349,513,show business,1138137637
349,515,Butler,1137202599
349,515,Housekeeper,1137202599
349,516,military,1137374250
349,522,Australia,1138137660
349,522,racism,1138137660
349,522,violence,1138137660
349,524,football,1137375002
349,527,Holocaust,1137180970
349,529,chess,1137181705
349,531,In Netflix queue,1137201896
349,534,C.S. Lewis,1137181163
349,535,large cast,1137206471
349,538,race,1138137665
349,539,Empire State Building,1137203041
349,541,robots,1137375464
349,543,beat poetry,1137203057
349,551,Christmas,1137375615
349,551,Halloween,1137375615
349,556,politics,1137375666
349,562,adolescence,1137206827
349,586,christmas,1137374182
349,587,overrated,1137180951
349,588,Disney,1137180971
349,589,robots,1137206517
349,590,American Indians,1137180976
349,590,Native Americans,1137180976
349,592,superhero,1137206164
349,593,Hannibal Lector,1137180982
349,594,Disney,1137375648
349,595,Disney,1137180963
349,596,Disney,1137374224
349,597,prostitution,1137206324
349,608,Coen Brothers,1137180968
349,616,Disney,1138040401
349,628,priest,1137375884
349,638,babies,1137375798
349,647,Gulf War,1137375718
349,648,based on a TV show,1138137584
349,668,India,1138137607
349,670,India,1137181320
349,671,spoof,1138137597
349,673,Bugs Bunny,1137373978
349,708,Veterinarian,1137203107
349,720,Aardman,1137206828
349,728,In Netflix queue,1137202096
349,733,Alcatraz,1137206418
349,736,Disaster,1137180960
349,745,Aardman,1137206827
349,748,aliens,1138137820
349,750,Atomic bomb,1137202888
349,778,drug abuse,1137191490
349,780,aliens,1137206181
349,800,In Netflix queue,1137201974
349,805,John Grisham,1137375969
349,818,based on a TV show,1137375996
349,830,adultery,1137374123
349,832,kidnapping,1137374242
349,838,Jane Austen,1137375748
349,852,golf,1137374262
349,858,Mafia,1137180955
349,892,Shakespeare,1137375988
349,898,divorce,1137206322
349,899,movie business,1137181713
349,900,France,1138137809
349,902,Capote,1138137849
349,903,falling,1137205255
349,904,voyeurism,1137206380
349,905,Screwball,1137202499
349,906,Brooch,1137191231
349,907,divorce,1137375780
349,908,Mount Rushmore,1138137968
349,909,adultery,1137206162
349,910,men in drag,1137191481
349,911,heist,1138306780
349,912,start of a beautiful friendship,1137202319
349,913,statue,1137206229
349,914,George Bernard Shaw,1137202973
349,915,rich guy - poor girl,1137206449
349,916,Italy,1137206429
349,916,royalty,1137206429
349,918,1900s,1138137949
349,919,Dorothy,1137205270
349,919,Toto,1137205270
349,920,Civil War,1137374145
349,921,television,1137375857
349,922,movies,1137207406
349,923,Rosebud,1137202868
349,924,Hal,1137368035
349,924,space,1137368035
349,926,Hollywood,1137202821
349,927,divorce,1137368140
349,928,Mrs. DeWinter,1137202590
349,929,Europe,1140441887
349,929,journalism,1140441887
349,929,war,1140441887
349,930,assassination,1137207035
349,931,amnesia,1138137999
349,934,wedding,1137375767
349,936,Cold War,1137521228
349,936,Russia,1137521228
349,938,prostitution,1137374937
349,940,swashbuckler,1138137798
349,941,swashbuckler,1138137943
349,943,ghosts,1138306878
349,944,Shangri-La,1137207008
349,945,Astaire and Rogers,1137181301
349,947,butler,1137521096
349,947,homeless,1137521096
349,947,screwball,1137521103
349,948,oil,1137206938
349,950,Nick and Nora Charles,1137200994
349,951,Screwball,1137202906
349,952,race,1137375685
349,953,Christmas,1138137927
349,954,Politics,1137202956
349,955,leopard,1137368052
349,955,screwball,1137368052
349,956,adoption,1137207058
349,965,fugitive,1137206861
349,968,zombies,1137181787
349,969,missionary,1137202249
349,970,crime,1138306770
349,971,Tennessee Williams,1138137870
349,973,journalism,1138306956
349,976,Hemingway,1137375762
349,986,Animal movie,1137181755
349,991,Ireland,1137375821
349,994,food,1138137832
349,1006,death penalty,1138137880
349,1006,John Grisham,1138137880
349,1010,Disney,1137375809
349,1010,race,1137375809
349,1013,twins,1137375864
349,1022,Disney,1137181749
349,1025,Disney,1137375959
349,1025,King Arthur,1137375959
349,1028,Disney,1137375815
349,1028,nanny,1137375815
349,1029,Disney,1137375741
349,1030,Disney,1137374219
349,1032,Disney,1137374073
349,1033,Disney,1137202900
349,1035,Rogers and Hammerstein,1137181179
349,1041,In Netflix queue,1137201463
349,1042,Music,1137203070
349,1059,Shakespeare,1137181313
349,1066,Astaire and Rogers,1137181830
349,1068,anti-Semitism,1138306851
349,1076,governess,1137521394
349,1079,fish,1137202895
349,1080,Bible,1137375841
349,1080,parody,1137375841
349,1080,religion,1137375841
349,1081,cross dressing,1138138013
349,1082,politics,1138137861
349,1084,1920s,1138137844
349,1084,gangsters,1138137844
349,1088,dance,1138306856
349,1088,music,1138306856
349,1089,heist,1137207100
349,1089,violence,1137207100
349,1090,Vietnam,1138137990
349,1093,1960s,1137375736
349,1093,Jim Morrison,1137375736
349,1093,music,1137375736
349,1096,Holocaust,1137375015
349,1097,aliens,1137521204
349,1101,Navy,1138138004
349,1103,1950s,1137207088
349,1103,adolescence,1137207088
349,1104,Tennessee Williams,1137207146
349,1124,aging,1137207041
349,1125,Clousseau,1137375898
349,1135,military,1137374233
349,1136,England,1137202949
349,1136,King Arthur,1137202949
349,1147,boxing,1137201093
349,1147,In Netflix queue,1137201093
349,1148,Aardman,1137368133
349,1171,politics,1137181738
349,1177,Italy,1137191228
349,1178,court,1137521169
349,1178,military,1137521169
349,1179,crime,1138306883
349,1183,adultery,1137374103
349,1185,In Netflix queue,1137201055
349,1187,disability,1137207053
349,1188,Australia,1137202649
349,1188,dance,1137202649
349,1189,In Netflix queue,1137201133
349,1189,police,1137201133
349,1193,mental illness,1138137985
349,1196,I am your father,1137202639
349,1196,space,1137205077
349,1196,space opera,1137205075
349,1197,Inigo Montoya,1137202999
349,1197,six-fingered man,1137202999
349,1198,archaeology,1137784496
349,1198,ark of the covenant,1137207066
349,1198,indiana jones,1137207064
349,1200,space,1138137801
349,1201,spaghetti western,1138137912
349,1203,court,1137206845
349,1204,Middle East,1137206997
349,1206,brainwashing,1138137889
349,1207,Harper Lee,1137191542
349,1207,racism,1137191542
349,1208,Vietnam,1138137816
349,1209,spaghetti western,1138137976
349,1210,darth vader,1137207127
349,1210,luke skywalker,1137207127
349,1210,space opera,1137207127
349,1212,ferris wheel,1137201067
349,1212,Venice,1143683500
349,1212,zither,1143683500
349,1213,Mafia,1138137920
349,1214,aliens,1137766234
349,1217,samurai,1137207077
349,1219,Norman Bates,1137203028
349,1220,Saturday Night Live,1137375705
349,1221,Mafia,1137181066
349,1222,Vietnam,1137181761
349,1223,moon,1137205261
349,1224,Shakespeare,1137181778
349,1225,Mozart,1137181247
349,1225,Salieri,1137181247
349,1228,boxing,1137375891
349,1230,New York,1137206872
349,1231,NASA,1137181802
349,1231,space,1137207104
349,1233,submarine,1138137835
349,1234,The Entertainer,1137520998
349,1235,May-December romance,1137206961
349,1237,chess,1137375008
349,1237,death,1137375008
349,1240,robots,1137368088
349,1242,Civil War,1137181272
349,1243,Shakespeare sort of,1137181815
349,1244,black and white,1138306904
349,1245,Mafia,1137375832
349,1246,High School,1137191334
349,1247,Simon and Garfunkel,1137181084
349,1249,hit men,1138137899
349,1250,POW,1137206891
349,1252,incest,1137521080
349,1253,aliens,1137206910
349,1254,Cold,1137203094
349,1257,skiing,1137375698
349,1258,Stephen King,1137181824
349,1259,Stephen King,1137181838
349,1260,serial killer,1137207017
349,1262,POW,1137206951
349,1263,Vietnam,1137375724
349,1266,revenge,1138031666
349,1267,assassination,1137207027
349,1267,brainwashing,1137207027
349,1269,murder,1138137828
349,1270,time travel,1137202832
349,1272,World War II,1137181795
349,1276,prison,1137520930
349,1277,In Netflix queue,1137201859
349,1278,spoof,1138031675
349,1280,In Netflix queue,1137201087
349,1281,Nazis,1137206944
349,1282,Disney,1137375752
349,1283,gunfight,1138306895
349,1284,Hammett,1138306774
349,1285,high school,1137368062
349,1288,heavy metal,1137368105
349,1288,mockumentary,1137368105
349,1288,music,1137368105
349,1291,archaeology,1137206982
349,1291,Holy Grail,1137206982
349,1292,television,1137206878
349,1293,India,1137191587
349,1296,E. M. Forster,1137191679
349,1299,Cambodia,1138137933
349,1299,Vietnam,1138137933
349,1301,Shakespeare sort of,1138306870
349,1301,space,1138306870
349,1302,baseball,1138137903
349,1303,India,1138031736
349,1304,crime,1138137854
349,1307,New York,1137202686
349,1333,birds,1137202841
349,1343,remake,1137181261
349,1344,lawyer,1137202856
349,1345,high school,1137784649
349,1345,prom,1137784649
349,1345,Stephen King,1137784649
349,1348,vampires,1137374972
349,1350,demons,1137368289
349,1353,personals ads,1137202938
349,1354,religion,1137202850
349,1356,Borg,1137202633
349,1358,ex-con,1137203050
349,1361,In Netflix queue,1137201059
349,1363,religion,1137374986
349,1366,Arthur Miller,1137191572
349,1367,dogs,1137374063
349,1367,remake,1137374063
349,1372,Klingons,1137203064
349,1374,Captain Kirk,1138031870
349,1376,whales,1137368320
349,1377,superhero,1137374089
349,1380,high school,1137368225
349,1381,high school,1137374154
349,1387,Shark,1137202913
349,1389,shark,1137373926
349,1393,sports,1137205489
349,1394,Coen Brothers,1137181415
349,1396,spying,1138031853
349,1398,Hemingway,1137374949
349,1407,slasher,1138031814
349,1407,spoof,1138031814
349,1408,Hawkeye,1137368264
349,1408,James Fennimore Cooper,1137368264
349,1411,Shakespeare,1137191597
349,1413,Conan,1137205643
349,1416,Andrew Lloyd Weber,1137374117
349,1423,In Netflix queue,1137202085
349,1423,Vietnam,1137202085
349,1441,mental illness,1137375694
349,1446,In Netflix queue,1137201854
349,1449,mockumentary,1137368329
349,1466,Mafia,1137191577
349,1474,jungle,1137374191
349,1485,lawyer,1137375802
349,1496,Tolstoy,1137191560
349,1500,hit men,1137368241
349,1500,reunion,1137368241
349,1513,reunion,1137375929
349,1537,ballroom dance,1137368308
349,1542,In Netflix queue,1137202048
349,1544,dinosaurs,1137373781
349,1545,death,1138031807
349,1569,weddings,1138031775
349,1573,transplants,1137205452
349,1580,aliens,1137205519
349,1586,military,1137374138
349,1608,president,1137375681
349,1610,Tom Clancy,1137191607
349,1617,Police,1137191242
349,1625,twist ending,1138031717
349,1635,1970s,1137191612
349,1643,England,1137375849
349,1643,Queen Victoria,1137375849
349,1645,lawyers,1137374095
349,1650,Henry James,1138031883
349,1653,future,1137205460
349,1663,military,1137375949
349,1672,In Netflix queue,1137202154
349,1674,Amish,1137521041
349,1680,alternate universe,1138031846
349,1682,TV,1137205617
349,1683,Henry James,1137181445
349,1711,Savannah,1137374207
349,1717,sequel,1138031833
349,1717,slasher,1138031824
349,1717,spoof,1138031824
349,1719,Canada,1139838573
349,1719,death,1139838573
349,1721,shipwreck,1138031879
349,1732,Coen Brothers,1138306661
349,1735,Charles Dickens,1137374163
349,1748,amnesia,1138031699
349,1777,1980s,1137205630
349,1797,In Netflix queue,1137201971
349,1810,politics,1137374994
349,1834,twist ending,1138031861
349,1836,No DVD at Netflix,1137179444
349,1893,In Netflix queue,1137201105
349,1900,In Netflix queue,1137201889
349,1902,generation X,1138031706
349,1909,conspiracy,1137205667
349,1912,heist,1138031795
349,1913,Australia,1137191654
349,1917,space,1137373862
349,1921,mathematics,1138031797
349,1931,ships,1138031771
349,1938,alcoholism,1137766211
349,1940,anti-Semitism,1137368219
349,1940,Judaism,1137368219
349,1942,Huey Long,1137201047
349,1942,In Netflix queue,1137201047
349,1942,Robert Penn Warren,1137201047
349,1945,boxing,1137191644
349,1945,coulda been a contender,1137191644
349,1947,Gangs,1137202674
349,1950,racism,1137520942
349,1951,Dickens,1137191634
349,1952,prostitution,1138031755
349,1953,drugs,1137368199
349,1953,police,1137368199
349,1954,boxing,1137191671
349,1954,sports,1137191671
349,1955,divorce,1137181397
349,1957,Olympics,1137181069
349,1957,sports,1137181069
349,1959,adultery,1138031923
349,1959,Africa,1138031923
349,1960,China,1137368246
349,1961,autism,1137191663
349,1962,rasicm,1137368186
349,1975,Jason,1137374129
349,1976,Jason,1137373611
349,1977,Jason,1137373908
349,1978,Jason,1137373605
349,1979,Jason,1137373625
349,1983,halloween,1137374175
349,1984,halloween,1137374180
349,1994,ghosts,1138031804
349,1995,ghosts,1137374228
349,1996,ghosts,1137373825
349,1997,demons,1137368191
349,2006,California,1138031745
349,2006,Mexico,1138031745
349,2011,time travel,1137374084
349,2019,samurai,1137368312
349,2020,adultery,1137368176
349,2022,Bible,1137202075
349,2022,Katzanzakis,1143683469
349,2028,World War II,1137180952
349,2054,Disney,1138032013
349,2058,police,1138032116
349,2059,twins,1137374214
349,2064,General Motors,1138032156
349,2064,Michigan,1138032156
349,2065,In Netflix queue,1137202057
349,2066,memory,1138032133
349,2070,music,1137191821
349,2071,AIDs,1137200442
349,2071,In Netflix queue,1137200442
349,2076,sexuality,1137418851
349,2076,suburbia,1137418851
349,2078,Disney,1138032023
349,2080,Disney,1138032086
349,2085,Disney,1137191781
349,2097,carnival,1138559451
349,2097,Ray Bradbury,1138559451
349,2100,mermaid,1137191808
349,2108,weather forecaster,1138032081
349,2114,S.E. Hinton,1137191789
349,2115,archaeology,1137784519
349,2116,Tolkein,1137374427
349,2118,Stephen King,1137191728
349,2121,Stephen King,1137374355
349,2122,Stephen King,1137373696
349,2139,mice,1137521184
349,2145,1980s,1138032148
349,2145,high school,1138032148
349,2160,demons,1138032159
349,2167,vampires,1137374320
349,2171,aquarium,1137202573
349,2171,Boston,1137202573
349,2171,personals ads,1137202573
349,2186,murder,1137205604
349,2187,theater,1140467428
349,2194,Capone,1138032218
349,2194,gangsters,1138032218
349,2202,survival,1137205513
349,2203,small towns,1138032173
349,2206,paranoia,1137205610
349,2208,train,1137271242
349,2243,journalism,1137205380
349,2247,Mafia,1137374432
349,2248,In Your Eyes,1137202613
349,2248,Lloyd Dobbler,1137202613
349,2249,Mafia,1137374445
349,2268,court,1137191761
349,2268,military,1137191761
349,2291,freaks,1137205437
349,2295,Screwball,1137202461
349,2300,Broadway,1137205562
349,2302,court,1137374439
349,2310,adolescence,1138032095
349,2312,death penalty,1137374919
349,2313,freaks,1137205442
349,2324,Holocaust,1137181119
349,2329,racism,1138031951
349,2334,terrorism,1138032178
349,2335,football,1137374560
349,2336,England,1137191737
349,2351,In Netflix queue,1137202131
349,2355,Pixar,1137191711
349,2357,South America,1137205389
349,2360,In Netflix queue,1137201464
349,2390,In Netflix queue,1137202019
349,2391,heist,1138032185
349,2394,Bible,1137191285
349,2394,Moses,1137202582
349,2396,England,1137191800
349,2410,boxing,1137374485
349,2411,boxing,1137373840
349,2412,boxing,1137373964
349,2420,martial arts,1138032051
349,2421,martial arts,1137374406
349,2422,martial arts,1137374411
349,2423,christmas,1137373883
349,2424,e-mail,1137202717
349,2424,remake,1137202717
349,2431,doctors,1137373812
349,2442,In Netflix queue,1137201903
349,2463,kidnapping,1137374497
349,2467,religion,1140703344
349,2470,Australia,1137374348
349,2471,Australia,1137373731
349,2491,food,1137374514
349,2494,Holocaust,1137179426
349,2494,Hungary,1137179426
349,2502,stapler,1138032123
349,2502,workplace,1138032129
349,2506,disability,1137374460
349,2517,Stephen King,1137373705
349,2529,twist ending,1138032140
349,2550,ghosts,1138032008
349,2553,evil children,1138038893
349,2554,evil children,1138038892
349,2565,Siam,1137191238
349,2571,alternate universe,1137204991
349,2572,Shakespeare sort of,1137374893
349,2579,black and white,1138032056
349,2581,high school,1138032122
349,2583,southern US,1138031988
349,2598,golfing,1137374470
349,2600,virtual reality,1138031996
349,2612,motherhood,1138032112
349,2628,prequel,1138032197
349,2628,the Force,1138032197
349,2640,superhero,1138032200
349,2641,superhero,1138032201
349,2642,superhero,1137373986
349,2648,In Netflix queue,1137200966
349,2660,aliens,1137521194
349,2664,1950s,1138032017
349,2677,In Netflix queue,1137202023
349,2692,alternate endings,1138032166
349,2693,Star Trek,1138032207
349,2699,spiders,1137373650
349,2710,claims to be true,1138031976
349,2710,video,1138031976
349,2712,sexuality,1138032003
349,2716,ghosts,1137205464
349,2717,Ghosts,1137373633
349,2719,remake,1137373916
349,2723,superhero,1137205533
349,2726,heist,1137205507
349,2728,crucifixion,1137520905
349,2728,Rome,1137520896
349,2728,slavery,1137520896
349,2745,Missionary,1137202541
349,2745,Priest,1137191266
349,2750,nostalgia,1137443255
349,2750,radio,1137443255
349,2761,robots,1138032019
349,2762,ghosts,1137205068
349,2762,I see dead people,1137202627
349,2787,Stephen King,1137374342
349,2791,aviation,1138031941
349,2791,spoof,1138031941
349,2797,children,1138032265
349,2801,gambling,1137205541
349,2803,lawyers,1137374982
349,2804,Christmas,1137191720
349,2827,aliens,1137374307
349,2863,Beatles,1138032352
349,2871,river,1138032293
349,2872,England,1137191745
349,2872,King Arthur,1137191745
349,2905,In Netflix queue,1137201967
349,2915,prostitution,1137374478
349,2918,High School,1137191753
349,2919,Academy award (Best Supporting Actress),1137367916
349,2919,Indonesia,1137367916
349,2919,journalism,1137367916
349,2927,adultery,1138032272
349,2935,gambling,1138032373
349,2937,screwball,1137205550
349,2939,In Netflix queue,1137202140
349,2940,nightclub,1138032341
349,2941,island,1138032457
349,2943,Vietnam,1138804253
349,2952,gambling,1137191914
349,2959,violence,1137205034
349,2966,brothers,1138032507
349,2966,lawn mower,1138032507
349,2967,evil children,1138038912
349,2968,time travel,1138032520
349,2987,live action/animation,1138032544
349,3000,anime,1138032418
349,3006,tobacco,1138032361
349,3006,true story,1138032361
349,3007,In Netflix queue,1137201930
349,3011,dance marathon,1137191967
349,3028,Shakespeare,1137374544
349,3030,samurai,1138032553
349,3039,class,1138032532
349,3040,camp,1137373789
349,3044,memory,1137202357
349,3044,music,1137202357
349,3052,religion,1137191859
349,3060,In Netflix queue,1137201892
349,3071,high school,1137375023
349,3072,New York,1137191274
349,3077,In Netflix queue,1137201542
349,3077,Up series,1137201543
349,3081,Ichabod Crane,1137374535
349,3087,christmas,1137271226
349,3087,new york,1137271222
349,3095,depression,1137205475
349,3095,dust bowl,1137205475
349,3097,remade,1138032435
349,3098,baseball,1137201875
349,3098,sports,1137201875
349,3101,adultery,1138032312
349,3108,homeless,1137374925
349,3111,racism,1138032385
349,3114,Pixar,1138032529
349,3115,men in drag,1137191883
349,3125,Graham Greene,1137191874
349,3135,fatherhood,1138032346
349,3147,Stephen King,1137191901
349,3152,black-and-white,1137521245
349,3160,L.A.,1137202527
349,3174,Andy Kaufman,1137191943
349,3175,spoof,1138032315
349,3176,Europe,1137202659
349,3176,murder,1137202659
349,3178,boxing,1137374389
349,3181,Shakespeare,1137179352
349,3192,In Netflix queue,1137201464
349,3210,high school,1137374381
349,3211,a dingo ate my baby,1137191854
349,3211,Australia,1137191854
349,3247,nuns,1137374526
349,3250,In Netflix queue,1137202163
349,3258,plastic surgery,1137375095
349,3259,Ireland,1137375116
349,3260,E.M. Forster,1137181368
349,3263,basketball,1137374566
349,3270,figure skating,1137375084
349,3273,slasher,1138032428
349,3273,spoof,1138032428
349,3281,sexuality,1137374330
349,3306,big top,1137205399
349,3306,circus,1137205399
349,3307,blind,1137205412
349,3310,orphans,1138032366
349,3317,writing,1138032548
349,3330,adolescence,1138032469
349,3330,sexuality,1138032498
349,3338,In Netflix queue,1137201680
349,3341,remade,1138032286
349,3360,basketball,1137784798
349,3384,subway,1138032512
349,3385,Peace Corp,1137374553
349,3386,politics,1137191934
349,3386,president,1137191934
349,3408,scandal,1138032304
349,3408,true story,1138032304
349,3420,lawyers,1137375055
349,3421,college,1137374581
349,3421,TOGA,1137374587
349,3424,racism,1137191865
349,3429,aardman,1140626569
349,3435,Insurance,1137520877
349,3447,Pearl S Buck,1137191895
349,3451,Hepburn and Tracy,1137181361
349,3451,interracial marriage,1137205479
349,3451,prejudice,1137205481
349,3451,racism,1137205477
349,3456,In Netflix queue,1137201463
349,3461,island,1138032377
349,3462,factory,1137205526
349,3468,pool,1137521005
349,3469,court,1137375171
349,3469,evolution,1137375171
349,3469,religion,1137375171
349,3475,class,1138032413
349,3481,Nick Hornby,1137181093
349,3489,Peter Pan,1137191920
349,3498,In Netflix queue,1137201900
349,3502,death,1137375216
349,3504,journalism,1137191950
349,3507,In Netflix queue,1137200453
349,3512,transplants,1137205572
349,3515,alternate endings,1138032711
349,3526,families,1138032724
349,3528,psychiatrist,1137374751
349,3536,priest,1137181376
349,3536,rabbi,1137181376
349,3546,show business,1138032886
349,3548,1920s,1137205331
349,3549,Gambling,1137191235
349,3552,golf,1137374630
349,3556,1970s,1138032871
349,3556,suicide,1138032871
349,3559,In Netflix queue,1137202015
349,3566,business,1137205342
349,3566,religion,1137205342
349,3608,Pee Wee Herman,1138032732
349,3629,mining,1138032660
349,3675,Christmas,1137205636
349,3676,In Netflix queue,1137202167
349,3683,Coen Brothers,1137521124
349,3712,television,1137375317
349,3723,Shakespeare,1137191908
349,3724,Vietnam,1137201954
349,3730,spying,1138032598
349,3735,police,1138032794
349,3793,superhero,1137205670
349,3801,court,1137191841
349,3811,court,1138032584
349,3816,missing children,1138032720
349,3844,diabetes,1137375348
349,3849,disability,1138032820
349,3859,In Netflix queue,1137201554
349,3859,televangelist,1137201554
349,3877,superhero,1137374791
349,3897,journalism,1137205322
349,3897,music,1137205322
349,3897,Rolling Stone,1137205322
349,3910,blindness,1138032613
349,3910,factory,1138032613
349,3911,Dogs,1137181343
349,3932,invisibility,1138032669
349,3949,drug abuse,1137192093
349,3951,In Netflix queue,1137179732
349,3967,ballet,1137191989
349,3983,family,1137205683
349,3988,Dr. Seuss,1137373756
349,3994,superhero,1137205619
349,3996,china,1138032606
349,3996,martial arts,1138032600
349,4007,business,1138032878
349,4012,stand-up comedy,1137374767
349,4019,writing,1138032630
349,4024,Edith Wharton,1137375144
349,4025,pageant,1137374719
349,4027,bluegrass,1137520959
349,4029,movies,1137205589
349,4034,based on a TV show,1137784729
349,4046,Quakers,1138032635
349,4077,psychopaths,1138039049
349,4105,zombies,1137374672
349,4113,Tennessee Williams,1137192025
349,4117,In Netflix queue,1137200919
349,4138,demons,1137373794
349,4160,death penalty,1137205651
349,4164,homeless,1138032589
349,4164,New York,1138032589
349,4166,reality TV,1137374777
349,4171,Eugene O'Neill,1137192041
349,4174,In Netflix queue,1137200882
349,4184,Christmas,1138032577
349,4189,Bible,1137375121
349,4189,religion,1137375121
349,4190,preacher,1137520919
349,4190,religion,1137520919
349,4191,sexuality,1138032573
349,4194,In Netflix queue,1137201575
349,4204,virginity,1137373770
349,4210,Hannibal Lecter,1139059882
349,4210,serial killer,1139059887
349,4211,von Bulow,1137192103
349,4214,college,1137374771
349,4218,In Netflix queue,1137202093
349,4221,football,1137374725
349,4226,Backwards. memory,1137191263
349,4232,spying,1138032824
349,4246,singletons,1137205374
349,4259,Nabokov,1137192047
349,4263,alcoholism,1138032622
349,4292,Union,1137192082
349,4296,death,1137374704
349,4306,fairy tales,1137205586
349,4312,In Netflix queue,1137202173
349,4316,figure skating,1137375157
349,4326,race,1137375204
349,4326,rasicm,1137375204
349,4333,Strangers on a Train,1138032832
349,4347,Holocaust,1138032626
349,4356,In Netflix queue,1137201794
349,4359,adultery,1138032800
349,4361,men in drag,1138032838
349,4370,robots,1137205306
349,4380,accident,1138032770
349,4396,race,1137373684
349,4404,In Netflix queue,1137200537
349,4447,lawyers,1138032674
349,4448,heist,1138032773
349,4465,rape,1138032565
349,4476,twins,1137374622
349,4477,circus,1137373669
349,4489,Africa,1137766266
349,4489,immigrants,1137374636
349,4495,New York,1137202342
349,4526,aliens,1137373948
349,4537,hippies,1137205576
349,4545,robots,1137374781
349,4546,kidnapping,1138032855
349,4546,remade,1138032855
349,4558,twins,1137374798
349,4571,time travel,1137205348
349,4600,doctors,1137375124
349,4621,babies,1137374699
349,4623,baseball,1137374712
349,4638,dinosaurs,1137374692
349,4639,Hollywood,1137375071
349,4639,movie business,1137375071
349,4641,adolescence,1138032652
349,4677,dogs,1137373991
349,4678,television,1138032842
349,4688,In Netflix queue,1137201126
349,4787,prodigies,1138032687
349,4801,family,1138032678
349,4808,remake,1137374805
349,4809,Nuclear disaster,1137367824
349,4809,union,1137367824
349,4812,NASA,1137374786
349,4812,space,1137374786
349,4823,wedding,1138032791
349,4835,Loretta Lynn,1137192003
349,4857,Judaism,1138039170
349,4857,Tradition!,1137192017
349,4874,aliens,1137375186
349,4874,psychiatrist,1137375186
349,4878,time travel,1137205781
349,4881,Coen Brothers,1137192055
349,4896,Magic,1137205893
349,4896,Wizards,1137205893
349,4902,ghosts,1137367852
349,4920,psychology,1138039319
349,4963,heist,1138039322
349,4969,In Netflix queue,1137179563
349,4970,nightclub,1138039117
349,4970,singers,1138039117
349,4973,whimsical,1137202289
349,4979,new york,1137271220
349,4980,time travel,1138039109
349,4993,Tolkein,1137181125
349,4998,racism,1139102582
349,5008,Agatha Christie,1138039430
349,5008,court,1138039430
349,5012,cross dressing,1138039463
349,5012,Judaism,1138039463
349,5015,race,1138039271
349,5034,Ghost,1137191298
349,5064,Dumas,1138039163
349,5064,revenge,1138039163
349,5114,movie business,1138039083
349,5120,In Netflix queue,1137200871
349,5135,India,1137192060
349,5139,baseball,1137373653
349,5213,religion,1137373958
349,5224,In Netflix queue,1137201464
349,5238,In Netflix queue,1137202052
349,5266,crime,1138039345
349,5291,In Netflix queue,1137200907
349,5291,samurai,1142282530
349,5294,religion,1138039177
349,5304,In Netflix queue,1137200961
349,5316,World War II,1137375111
349,5349,superhero,1137206068
349,5353,blind,1137784621
349,5377,Nick Hornby,1137181073
349,5379,anti-Semitism,1137205732
349,5379,Judaism,1137205732
349,5398,boxing,1138039410
349,5404,books,1138039075
349,5445,future,1137206007
349,5446,Australia,1137181573
349,5450,sisterhood,1138039255
349,5450,women,1138039255
349,5451,disability,1137375287
349,5451,mental illness,1137375287
349,5470,Oscar Wilde,1137181530
349,5475,In Netflix queue,1137201978
349,5483,movie business,1137181538
349,5498,In Netflix queue,1137179781
349,5502,aliens,1137206065
349,5505,adultery,1137205854
349,5505,younger men,1137205854
349,5527,AS Byatt,1138039372
349,5527,books,1138039372
349,5528,photography,1138039335
349,5528,psychopaths,1138039335
349,5548,homeless,1137374645
349,5577,adolescence,1138039226
349,5601,Animal movie,1138039452
349,5603,crime,1138039241
349,5603,heist,1138039241
349,5618,anime,1137206076
349,5629,Bible,1137374683
349,5630,Hannibal Lecter,1139059884
349,5633,bombs,1138039202
349,5644,baseball,1138039381
349,5644,Lou Gehrig,1138039381
349,5669,violence in america,1138039133
349,5673,pudding,1137206033
349,5682,Holocaust,1138039189
349,5685,Girl Power,1137206048
349,5690,made me cry,1137205866
349,5690,orphans,1137205866
349,5721,In Netflix queue,1137200976
349,5721,Judaism,1137200976
349,5747,World War I,1137181512
349,5791,art,1138039181
349,5792,dating,1137375296
349,5802,teenagers,1138039442
349,5812,salute to Douglas Sirk,1137181505
349,5816,Magic,1137205882
349,5816,Wizards,1137205882
349,5820,music business,1138039419
349,5875,short films,1137375257
349,5876,Graham Greene,1138039395
349,5878,coma,1138039423
349,5899,Africa,1137442538
349,5952,Tolkein,1137181130
349,5954,crime,1138039070
349,5954,nightclub,1138039070
349,5971,anime,1138039281
349,5989,crime,1138039137
349,5991,court,1138039145
349,5991,jazz,1138039140
349,5991,murder,1138039142
349,5994,Dickens,1138039286
349,5995,Holocaust,1137181562
349,6002,drugs,1138307168
349,6002,planes,1138307168
349,6002,widows/widowers,1138307168
349,6003,television,1138307058
349,6016,crime,1138039157
349,6016,photography,1138039157
349,6016,violence,1138039157
349,6020,class,1138307024
349,6027,In Netflix queue,1137200848
349,6031,motherhood,1138039234
349,6031,race,1138039234
349,6041,In Netflix queue,1137200888
349,6063,doll,1137375194
349,6090,ghosts,1138307131
349,6101,Chile,1137900975
349,6101,politics,1137900975
349,6101,South America,1137900975
349,6104,spoof,1138039279
349,6156,England,1138307301
349,6159,adolescence,1138307031
349,6163,obsession,1137205905
349,6170,horses,1138307048
349,6178,blind,1138039358
349,6178,blindness,1138039358
349,6178,race,1138039358
349,6181,Civil War,1138039404
349,6181,Stephen Crane,1138039404
349,6183,Day and Hudson,1138039366
349,6183,sexuality,1138039366
349,6195,books,1138498655
349,6195,Stones of Summer,1138498655
349,6197,mental illness,1138307351
349,6201,England,1137191244
349,6216,World War II,1138307229
349,6218,soccer,1138039102
349,6228,In Netflix queue,1137201613
349,6232,animal movie,1138039126
349,6232,lions,1138039125
349,6235,Holocaust,1138307079
349,6235,World War II,1138307079
349,6238,immigrants,1138307096
349,6242,television,1138307280
349,6244,In Netflix queue,1137201921
349,6245,prostitution,1138307361
349,6254,screwball,1137181469
349,6268,adolescence,1138307261
349,6269,Big Brothers,1137206096
349,6273,L.A.,1137521025
349,6281,crime,1138307249
349,6286,amnesia,1138039259
349,6288,gangs,1138307044
349,6289,Titanic,1138307085
349,6291,prostitution,1138039248
349,6296,mockumentary,1138039267
349,6297,children,1138307101
349,6299,birds,1138307384
349,6305,Ray Bradbury,1137181490
349,6308,lawyers,1137374834
349,6327,1970s,1138486479
349,6327,movies,1137200584
349,6331,spelling bee,1138039807
349,6333,Jean Grey,1137202706
349,6333,Magneto,1137202706
349,6333,Rogue,1137202706
349,6333,superhero,1137205082
349,6333,Wolverine,1137202706
349,6334,teachers,1138039540
349,6337,gambling,1138307244
349,6339,trains,1138307176
349,6341,art,1138307304
349,6350,anime,1138039543
349,6367,retro,1138039562
349,6368,movies,1138307051
349,6373,religion,1137375076
349,6375,In Netflix queue,1137200486
349,6375,They Might Be Giants,1137200486
349,6377,Disney,1138039593
349,6377,fish,1138039593
349,6378,heist,1138307128
349,6380,child abuse,1137205738
349,6385,Girl Power,1137202810
349,6390,Ninotchka remake,1138307320
349,6400,crime,1138307197
349,6407,Olympics,1137374882
349,6407,Tokyo,1137374882
349,6422,Civil War,1138039799
349,6440,movie business,1138307037
349,6452,In Netflix queue,1137201737
349,6454,Nazis,1138307204
349,6466,In Netflix queue,1137202027
349,6502,zombies,1137181462
349,6515,fugitive,1137206135
349,6516,In Netflix queue,1137202127
349,6535,politics,1137374839
349,6536,swashbuckler,1138307326
349,6539,swashbuckler,1138307257
349,6545,Dodie Smith,1137181524
349,6547,flood,1137375241
349,6552,immigration,1138039559
349,6565,horses,1138307288
349,6579,Japan,1138307236
349,6591,religion,1138039719
349,6592,marriage,1138039795
349,6603,Othello,1137375103
349,6609,Bible,1138307089
349,6620,cancer,1137205715
349,6636,road trip,1138307356
349,6639,blindness,1138307381
349,6650,family,1138039708
349,6650,multiple roles,1138039708
349,6650,murder,1138039708
349,6660,ballet,1138307265
349,6662,Clousseau,1137375266
349,6667,FBI,1138307378
349,6668,In Netflix queue,1137179689
349,6669,terminal illness,1138039639
349,6708,con men,1138307183
349,6708,fatherhood,1138307183
349,6710,vertriloquism,1138307069
349,6711,Japan,1138307143
349,6713,In Netflix queue,1137201914
349,6724,In Netflix queue,1137201684
349,6732,matchmaker,1137375130
349,6744,vampire,1137375236
349,6753,Animal movie,1138307295
349,6768,religion,1138039714
349,6770,adultery,1138307212
349,6770,terminal illness,1138307212
349,6773,biking,1138307369
349,6776,India,1137181544
349,6785,Lonesome Polecat,1137206059
349,6786,In Netflix queue,1137201845
349,6787,journalism,1138039529
349,6787,Watergate,1138039529
349,6788,pregnancy,1137374818
349,6791,Food,1137191312
349,6807,british comedy,1138307193
349,6810,domestic violence,1138307335
349,6820,werewolf,1138039608
349,6832,amnesia,1138307274
349,6849,Christmas,1137374871
349,6852,black and white,1138307125
349,6852,Capote,1138307125
349,6852,crime,1138307125
349,6852,death penalty,1138307125
349,6852,murder,1138307125
349,6856,biopic,1138039917
349,6863,school,1138307284
349,6867,trains,1138039811
349,6870,child abuse,1138307224
349,6870,kidnapping,1138307224
349,6874,martial arts,1138039672
349,6874,revenge,1138039672
349,6881,Thanksgiving,1137181567
349,6890,adolescence,1138039574
349,6890,violence in america,1138039574
349,6909,transplants,1138039587
349,6912,Rita Hayworth can dance!,1137179371
349,6918,India,1138039870
349,6932,journalism,1137181582
349,6936,christmas,1138039581
349,6944,remake,1137374824
349,6944,wedding,1137374824
349,6948,music business,1138039867
349,6948,rap,1138039867
349,6963,Amish,1137181478
349,6970,Hepburn and Tracy,1137521576
349,6979,Cold War,1138039874
349,6981,religion,1138039909
349,6984,Dickens,1138039822
349,6985,saint,1137206024
349,6993,family,1138039618
349,7013,good and evil,1137206020
349,7018,court,1137375276
349,7018,Scott Turow,1137375276
349,7023,In Netflix queue,1137179697
349,7025,In Netflix queue,1137179593
349,7049,Astaire and Rogers,1137784580
349,7050,Astaire and Rogers,1137784592
349,7053,Astaire and Rogers,1138039791
349,7055,Astaire and Rogers,1138039819
349,7059,horses,1138039728
349,7061,terminal illness,1138039554
349,7062,birds,1138039535
349,7062,prison,1138039535
349,7069,In Netflix queue,1137201628
349,7069,Shakespeare,1137201628
349,7070,cattle drive,1138039780
349,7071,In Netflix queue,1137201154
349,7073,Clousseau,1137375451
349,7079,disability,1137375406
349,7086,George Bernard Shaw,1137201703
349,7087,E.M. Forster,1138039751
349,7088,In Netflix queue,1137202031
349,7090,martial arts,1138039622
349,7091,Marx brothers,1138559500
349,7121,Hepburn and Tracy,1137181204
349,7132,Marx brothers,1138039735
349,7132,opera,1138039735
349,7139,immigrants,1138039653
349,7141,In Netflix queue,1137201569
349,7153,Tolkein,1137181217
349,7156,Vietnam,1138039601
349,7158,real estate,1137205933
349,7160,serial killer,1138039725
349,7162,Civil War,1138039548
349,7190,Charlotte Bronte,1140047502
349,7212,cross dressing,1138039664
349,7212,men in drag,1138039664
349,7217,amnesia,1137521621
349,7218,In Netflix queue,1137179905
349,7219,truckers,1138039826
349,7234,circus,1137206103
349,7256,mountain climbing,1138039857
349,7285,adolescence,1138039837
349,7301,priest,1137521429
349,7301,religion,1137521429
349,7318,religion,1138039757
349,7323,Cold War,1138039614
349,7361,memory,1137205808
349,7371,Grace,1137205800
349,7382,adolescence,1138039629
349,7382,crime,1138039629
349,7438,revenge,1137205948
349,7440,Holocaust,1142279175
349,7451,High School,1137205962
349,7479,World War II,1138039893
349,7493,multiple personalities,1138039850
349,7572,cancer,1137181595
349,7584,Hepburn and Tracy,1138039906
349,7584,marriage,1138039906
349,7614,Rogers and Hammerstein,1138040199
349,7618,biopic,1137201647
349,7618,In Netflix queue,1137201648
349,7619,blindness,1138040167
349,7619,deaf,1138040171
349,7646,Stephen King,1137374860
349,7649,space station,1138039958
349,7700,In Netflix queue,1137201116
349,7705,Hepburn and Tracy,1137521641
349,7705,sports,1137521641
349,7713,sexuality,1138040011
349,7714,King Arthur,1138039998
349,7728,adultery,1138040205
349,7748,In Netflix queue,1137202002
349,7766,MacBeth,1138040268
349,7789,terrorism,1138039932
349,7792,In Netflix queue,1137200939
349,7831,Nick and Nora Charles,1137201638
349,7832,Nick and Nora Charles,1137201717
349,7833,Nick and Nora Charles,1137201661
349,7834,Nick and Nora Charles,1137200666
349,7835,Nick and Nora Charles,1137201747
349,7924,In Netflix queue,1137201677
349,7926,In Netflix queue,1137179753
349,7932,Amtrak,1137271192
349,7932,Homeless,1137271192
349,7932,independent,1137271192
349,7932,New York,1137271192
349,7932,Sundance award winner,1137271191
349,7932,Train,1137271192
349,7934,psychology,1138040275
349,7981,police,1138040118
349,7983,show business,1138039989
349,8011,politics,1143998541
349,8014,In Netflix queue,1137200544
349,8019,remade,1138040062
349,8033,In Netflix queue,1137200492
349,8094,In Netflix queue,1137179631
349,8153,Van Gogh,1137375419
349,8167,swashbuckler,1138040004
349,8183,In Netflix queue,1137201001
349,8188,Not available from Netflix,1137179956
349,8190,In Netflix queue,1137201864
349,8191,Anne Boleyn,1138039949
349,8197,In Netflix queue,1137202144
349,8207,assassination,1138040067
349,8228,heist,1138040147
349,8235,Clock,1137202793
349,8266,Prince,1137375433
349,8275,In Netflix queue,1137201789
349,8337,military,1138039993
349,8338,convent,1138039973
349,8338,religion,1138039973
349,8341,Dickens,1137200651
349,8360,ogres,1138040236
349,8366,pregnancy,1138040220
349,8366,religion,1138040220
349,8368,Magic,1137202784
349,8368,Wizards,1137202784
349,8375,politics,1137375412
349,8376,high school,1138040176
349,8379,In Netflix queue,1137200899
349,8382,death,1137375392
349,8424,divorce,1138040077
349,8446,World War II,1137375442
349,8463,deafness,1138040133
349,8464,food,1138040254
349,8464,McDonalds,1138040254
349,8507,circus,1138040090
349,8530,Ireland,1138040071
349,8580,fairy tales,1137201021
349,8580,In Netflix queue,1137201021
349,8607,In Netflix queue,1137201077
349,8609,In Netflix queue,1137179727
349,8622,politics,1138040083
349,8622,terrorism,1138040083
349,8636,Doc Ock,1137202798
349,8638,generation X,1138039967
349,8645,drugs,1138040155
349,8645,immigrants,1138040155
349,8695,court,1137375369
349,8714,Cole Porter,1137375425
349,8754,Oscar (Best Actress),1142282521
349,8765,In Netflix queue,1137179707
349,8784,psychology,1138040105
349,8796,Rome,1137375385
349,8809,Australia,1138040052
349,8827,Stand Up,1138039969
349,8838,In Netflix queue,1137179758
349,8874,zombies,1138040225
349,8875,alcoholism,1138040042
349,8875,marriage,1138040042
349,8879,Agatha Christie,1145755135
349,8879,Oscar (Best Supporting Actress),1145755138
349,8879,train,1145755140
349,8880,disability,1138040162
349,8914,time travel,1138040211
349,8920,Oscar (Best Actress),1142282522
349,8938,parenthood,1138040262
349,8938,psychology,1138040262
349,8943,stage,1137375373
349,8949,wine,1138040242
349,8950,psychology,1138040138
349,8951,abortion,1138040272
349,8958,biopic,1138040214
349,8961,Disney,1138040115
349,8961,superhero,1138040115
349,8970,Peter Pan,1138040086
349,8979,Hearst,1137521449
349,8983,martial arts,1138040109
349,8998,In Netflix queue,1137179738
349,9018,journalism,1138040046
349,25753,gold,1139940948
349,25825,revenge,1137205843
349,25841,show business,1138040249
349,25855,In Netflix queue,1137179637
349,25865,In Netflix queue,1137201652
349,25886,made me cry,1137206038
349,25940,mirrors,1137521290
349,25952,In Netflix queue,1137179713
349,26085,Not available from Netflix,1137179665
349,26131,In Netflix queue,1137200982
349,26151,donkey,1145749895
349,26242,In Netflix queue,1137179570
349,26662,anime,1138040136
349,26776,In Netflix queue,1137179786
349,27731,In Netflix queue,1137201122
349,27741,In Netflix queue,1137179587
349,27790,religion,1138040326
349,27790,saints,1138040326
349,27820,Animal movie,1138040358
349,27820,camels,1138040358
349,27834,fatherhood,1138040348
349,27838,revenge,1137205953
349,27878,India,1138038974
349,27882,surfing,1139939407
349,30707,boxing,1138040320
349,30749,genocide,1137205917
349,30793,roald dahl,1138038979
349,30812,biopic,1138038949
349,30812,Howard Hughes,1138038949
349,30812,movie business,1138038949
349,30820,child abuse,1137206121
349,30822,busniess,1137205938
349,30850,Shakespeare,1137181555
349,31030,motherhood,1138040311
349,31437,orphans,1138040341
349,31658,06 Oscar Nominated Best Movie - Animation,1145451856
349,31658,In Netflix queue,1137201531
349,31903,marriage,1138040364
349,31923,In Netflix queue,1137200865
349,32160,In Netflix queue,1137179674
349,32371,In Netflix queue,1137202044
349,32582,birds,1138804206
349,32582,parrots,1138804206
349,32584,fatherhood,1138038959
349,33154,business,1137766122
349,33154,money,1137766122
349,33154,scandal,1137766123
349,33166,racism,1138038982
349,33493,space,1137206087
349,33493,space opera,1137206087
349,33660,boxing,1137201602
349,34271,hip hop,1141848751
349,34359,pregnancy,1138040301
349,34405,Firefly,1137181624
349,34437,In Netflix queue,1137179720
349,34482,In Netflix queue,1137202180
349,34528,pregnancy,1139693892
349,34542,Animal movie,1138039000
349,34542,bears,1138039000
349,35015,Animal movie,1137180081
349,35015,In Netflix queue,1137202200
349,36517,Africa,1139234947
349,36517,business,1139234947
349,36517,politics,1139234947
349,36527,mathematics,1137201998
349,36535,In Netflix queue,1137201162
349,37240,In Netflix queue,1138804230
349,37729,06 Oscar Nominated Best Movie - Animation,1139059938
349,37733,In Netflix queue,1137200955
349,37736,Dickens,1139940656
349,37741,Truman Capote,1142996187
349,38038,06 Oscar Nominated Best Movie - Animation,1139664190
349,38038,Aardman,1139664221
349,38061,In Netflix queue,1137179624
349,38886,divorce,1145451837
349,39234,courtroom drama,1140576326
349,39234,In Netflix queue,1137202089
349,39292,In Netflix queue,1137201595
349,39292,journalism,1137201595
349,39292,McCarthy hearings,1137201595
349,39292,Morrow,1137201595
349,40583,In Netflix queue,1137200527
349,40629,In Netflix queue,1137179797
349,40815,Magic,1137202776
349,40815,Wizards,1137202776
349,40819,Johnny Cash,1137200595
349,41566,C.S. Lewis,1137181617
349,41997,In Netflix queue,1137179603
349,42002,In Netflix queue,1137202150
349,42740,In Netflix queue,1138804237
431,50,imdb top 250,1191862858
431,1092,Erotic,1183487168
431,54503,OverHyped,1198536287
435,120138,alien,1420536663
435,120138,hindi,1420536663
435,120138,social awarness,1420536663
450,260,adventure,1438031383
450,260,classic,1438031339
450,260,classic sci-fi,1438031286
450,260,EPIC,1438031322
450,260,John Williams,1438031423
450,260,romance,1438031355
450,260,sci-fi,1438031344
450,260,space opera,1438031311
450,260,well-scored,1438031408
479,5010,war,1220012478
479,5502,mel gibson,1220011764
479,6870,based on a book,1220012325
488,2858,beautiful,1221978745
503,260,i have bad feeling about this,1436782511
503,260,old,1436782503
510,1196,asd,1343123790
510,1196,ds,1343123790
510,1196,sd,1343123790
513,50,twist ending,1290369045
513,2762,psychology,1290369033
513,2762,twist ending,1290369025
513,4993,Adventure,1428060204
513,4993,based on a book,1428060194
513,4993,fantasy world,1428060180
513,4993,Magic,1428060173
513,67255,dark,1418499721
513,67255,investigation,1418499734
513,67255,journalism,1418499747
513,67255,suspense,1418499737
513,71033,romance,1290369014
513,71466,funny,1290368803
513,101741,Mindfuck,1419271606
524,84152,drugs,1434701774
524,84152,human potential,1434701782
538,2851,evil robot,1221269620
538,2851,space station,1221269629
538,6067,bad Irish accents,1264807926
538,6067,Gangland,1264807926
538,6067,Ireland,1264807926
538,6159,coming of age,1282147445
538,6159,pregnancy,1282147445
553,436,psychology,1159679228
558,89753,spy,1423197149
577,595,animation,1161020080
577,6539,action,1161020049
577,6539,adventure,1161020049
577,6539,comedy,1161020049
577,49347,dramatic irony,1164469702
589,1446,historical,1342427895
589,95591,visually stunning,1341720813
589,103557,South Africa,1373513053
589,109280,disaster,1394249260
594,1464,Lynch,1211392297
594,1464,mistery,1211392293
594,1464,Nudity (Topless - Notable),1211392301
599,41569,decent,1137397142
599,41569,hollywood,1137397142
603,344,Dumb,1153871774
603,750,classic,1153871777
603,2683,spoof,1153871771
603,43836,Steve Martin,1153872011
603,44004,chick flick,1153871971
609,638,Ian Mckellen,1178667054
609,1656,Ian Mckellen,1178667073
609,2071,Ian Mckellen,1178667096
609,2071,Richard Gere,1178667103
609,2891,William H. Macy,1178667303
609,3793,fameke Jasson,1178667537
609,3793,family,1178667537
609,3793,Halle Berry,1178667391
609,3793,Hugh Jackman,1178667537
609,3793,Ian Mckellen,1178667380
609,3793,Patrick Stewart,1178667386
609,6333,alan Cumming,1178667552
609,6333,Fameke Jasson,1178667485
609,6333,Halle Berry,1178667485
609,6333,Hugh Jackman,1178667485
609,6333,Ian Mckellen,1178667485
609,6333,Patrick Stewart,1178667460
609,8861,Zombies,1178668680
609,45499,Fameke Jasson,1178667606
609,45499,Hugh Jackman,1178667606
609,45499,Ian Mckellen,1178667606
609,45499,Magneto,1178667606
609,45499,Patrick Stewart,1178667606
609,45499,Professor Xavier,1178667606
611,296,multiple storylines,1427456721
611,296,psychological,1427456721
611,296,thugs,1427456721
638,10,007,1161199943
638,10,james bond,1161199945
638,18,tarantino,1161197431
638,32,Brad Pitt,1161198426
638,32,Bruce Willis,1161198424
638,47,the best,1161194641
638,70,Tarantino,1161196012
638,110,Mel Gibson,1161197810
638,153,comic book,1161199071
638,153,super-hero,1161199074
638,153,superhero,1161199073
638,165,action,1161198856
638,165,Bruce Willis,1161198854
638,208,sci-fi,1161199676
638,231,Jim Carrey,1161199638
638,344,Dumb,1161199058
638,344,Jim Carrey,1161199056
638,356,Tom Hanks,1161199364
638,356,Vietnam,1161199366
638,364,animation,1161199612
638,364,Disney,1161199611
638,367,comic book,1161199550
638,367,funny,1161199558
638,367,jim carrey,1161199551
638,480,dinosaurs,1161198604
638,480,Steven Spielberg,1161198602
638,500,cross dressing,1161199468
638,500,Robin Williams,1161199464
638,589,Arnold Schwarzenegger,1161198574
638,592,super-hero,1161198819
638,597,girlie movie,1161200015
638,597,Julia Roberts,1161200014
638,780,action,1161198890
638,899,classical,1161194979
638,924,Stanley Kubrick,1161198501
638,1036,action,1161198558
638,1036,Bruce Willis,1161198556
638,1061,Brad Pitt,1161198402
638,1183,Oscar (Best Picture),1161200029
638,1183,Oscar (Best Supporting Actress),1161200026
638,1200,aliens,1161198700
638,1200,space,1161198698
638,1206,Stanley Kubrick,1161195881
638,1210,fantasy,1161198703
638,1210,sci-fi,1161198704
638,1210,space,1161198701
638,1227,Sergio Leone,1161195935
638,1240,Arnold Schwarzenegger,1161198560
638,1240,time travel,1161198563
638,1258,Stanley Kubrick,1161198507
638,1265,Bill Murray,1161199585
638,1265,seen more than once,1161199591
638,1265,super interesting,1161199602
638,1265,time travel,1161199588
638,1370,action,1161198844
638,1370,Bruce Willis,1161198841
638,1377,super-hero,1161199078
638,1377,superhero,1161199080
638,1527,Luc Besson,1161199168
638,1527,sci-fi,1161199167
638,1562,Action,1161199122
638,1573,John Travolta,1161200004
638,1573,Nicolas Cage,1161200005
638,1610,action,1161198720
638,1610,submarine,1161198723
638,1682,Jim Carrey,1161195252
638,1704,Robin Williams,1161198032
638,1721,drama,1161198996
638,1721,Oscar (Best Picture),1161199001
638,1721,romance,1161198998
638,1918,action,1161198911
638,1918,comedy,1161198912
638,2000,action,1161198745
638,2000,classic,1161198764
638,2001,action,1161198899
638,2001,Mel Gibson,1161198904
638,2076,sexuality,1161198079
638,2115,action,1161198783
638,2115,Harrison Ford,1161198781
638,2232,scifi cult,1161195441
638,2366,action,1161198670
638,2366,classic,1161198668
638,2404,action,1161199125
638,2411,action,1161199114
638,2571,virtual reality,1161195208
638,2617,mummy,1161199960
638,2617,stupid,1161199967
638,2628,fantasy,1161198948
638,2628,sci-fi,1161198964
638,2641,superhero,1161198978
638,2683,stupid,1161199730
638,2692,artistic,1161194815
638,2706,stupid,1161199524
638,2706,teen,1161199513
638,2948,007,1161200143
638,2949,007,1161200145
638,2959,Brad Pitt,1161194591
638,2985,cyborgs,1161200081
638,2985,sci-fi,1161200088
638,2991,007,1161200141
638,2997,surrealism,1161194560
638,3000,anime,1161194950
638,3114,Disney,1161199469
638,3114,Pixar,1161199472
638,3275,crime family,1161200251
638,3275,Pulp,1161200252
638,3328,samurai,1161196965
638,3386,politics,1161195279
638,3527,action,1161198804
638,3527,Arnold Schwarzenegger,1161198801
638,3578,Russell Crowe,1161197789
638,3697,action,1161199103
638,3751,family,1161199734
638,3751,funny,1161199745
638,3753,Mel Gibson,1161197834
638,3785,stupid,1161198217
638,3949,depressing,1161197090
638,3949,drugs,1161197088
638,3994,Bruce Willis,1161197655
638,4011,Guy Ritchie,1161198420
638,4023,life,1161195301
638,4152,chefs,1161197886
638,4246,girlie movie,1161198168
638,4310,History,1161199097
638,4310,World War II,1161199095
638,4388,comedy,1161198206
638,4963,crime,1161198411
638,4993,fantasy,1161197868
638,5218,animated,1161198149
638,5378,sci-fi,1161198969
638,5528,photography,1161197053
638,5528,Robin Williams,1161197051
638,5608,good german movie,1161194842
638,5669,documentary,1161199686
638,5669,guns,1161199687
638,5669,Michael Moore,1161199682
638,5679,japanese horror,1161200052
638,5872,007,1161200135
638,5903,dystopia,1161195348
638,5952,fantasy,1161197870
638,6365,virtual reality,1161195213
638,6377,Disney,1161199474
638,6377,Pixar,1161199476
638,6537,sci-fi,1161198991
638,6537,time travel,1161198983
638,6539,Johnny Depp,1161197986
638,6711,Japan,1161194461
638,6888,stupid,1161198212
638,6902,nice and kind,1161197625
638,6934,virtual reality,1161195211
638,7153,fantasy,1161197866
638,7323,seen more than once,1161195629
638,7371,Theater,1161194534
638,7438,Quentin Tarantino,1161198310
638,7458,Brad Pitt,1161198446
638,7573,007,1161200105
638,7649,sci-fi,1161199186
638,7649,TV,1161199189
638,7756,History,1161195680
638,8622,Michael Moore,1161199627
638,8622,politics,1161199618
638,8622,terrorism,1161199629
638,8636,comic book,1161198729
638,8636,super-hero,1161198730
638,8638,Best romantic movie in years,1161195026
638,8644,future,1161198872
638,8644,sci-fi,1161198882
638,8665,Matt Damon,1161199501
638,8810,action,1161199064
638,8810,Alien,1161199067
638,8970,Johnny Depp,1161197354
638,8977,History,1161197766
638,26152,super-hero,1161198831
638,32587,comic book,1161197639
638,33493,sci-fi,1161198771
638,33493,space,1161198773
638,33615,funny,1161195480
638,33679,Angelina Jolie,1161198437
638,33679,Brad Pitt,1161198435
638,34048,action,1161199035
638,34048,sci-fi,1161199042
638,34048,Tom Cruise,1161199034
638,39292,historical,1161196446
638,40148,guy ritchie,1161195747
638,41569,monkey,1161199531
638,41569,stupid,1161199539
638,44022,Comedy,1161198188
638,45447,bullshit history,1161195831
638,45722,Johnny Depp,1161197984
638,46530,comic book,1161199907
638,46530,stupid,1161199917
638,46530,superhero,1161199910
651,3030,akira kurosawa,1338084833
651,3030,black comedy,1338084822
653,7413,bad movie,1191891878
655,2413,adapted from:game,1427061304
655,2413,alternate endings,1427061272
655,2413,hilarious,1427061295
655,2413,murder,1427061277
655,2413,quirky,1427061279
655,2413,Tim Curry,1427061308
655,2413,twist endings,1427061290
655,2712,christmas,1326189287
655,2712,heavy handed,1326189318
655,2712,illuminati,1326189256
655,2712,masks,1326189300
655,2712,motifs,1326189282
655,2712,secret societies,1326189275
655,46976,quirky,1427064338
655,46976,Will Ferrell,1427064340
655,79702,chiptunes,1297037977
655,79702,comic books,1297037977
655,79702,video games,1297037977
655,82461,alternate reality,1297038089
655,82461,computers,1297038089
655,82461,futuristic,1297038089
655,82461,stylized,1297038066
655,82461,techno,1297038089
655,82461,technology,1297038089
655,82461,video games,1297038089
655,85510,mind control,1326189526
655,85510,mindfuck,1326189444
655,85510,soundtrack,1326189450
655,85510,stylized,1326189468
655,85510,video games,1326189444
655,85510,war,1326189476
655,109487,artificial intelligence,1437758039
655,109487,bad dialogue,1437758111
655,109487,corny,1437758050
655,109487,physics,1437758033
655,109487,plot holes,1437758047
655,109487,relativity,1437758068
655,109487,sci-fi,1437758086
655,109487,science fiction,1437758077
655,109487,space,1437758079
655,109487,space travel,1437758094
655,109487,time-travel,1437758060
663,260,Creative,1437244278
663,260,Game changing,1437244266
663,260,good versus evil,1437244288
