Row Labels,Count of rating
296,333
356,321
318,310
480,307
593,299
260,265
1,263
2571,247
589,244
110,244
457,241
527,233
150,231
780,230
50,229
592,223
2858,221
32,220
1196,218
1210,218
1270,215
1198,215
588,207
47,206
608,205
380,202
377,201
4993,201
2959,198
590,198
364,195
344,194
858,194
2762,193
648,190
595,182
5952,181
7153,178
1197,176
3578,176
597,175
4306,172
1580,171
2028,169
1265,164
153,164
1097,163
1136,162
500,162
1214,161
2716,160
367,159
165,157
733,157
541,155
1073,154
1291,153
1704,152
231,151
34,149
316,149
586,148
1721,148
1240,146
4226,146
1036,146
349,145
1193,144
539,144
357,143
587,143
736,143
10,142
924,139
3793,138
208,138
750,138
2628,137
39,135
4886,135
6539,134
1682,134
1089,134
1617,134
2997,132
1527,132
1213,131
2683,130
223,130
1200,130
6377,130
3996,129
253,129
1206,129
4963,128
1221,128
1923,125
2396,124
1517,124
6,124
2706,123
21,123
778,122
7361,122
2329,122
6874,121
2355,121
434,121
329,121
1732,119
1784,119
912,119
5445,118
292,118
293,117
2918,117
4973,116
1258,116
4995,116
1968,116
2797,116
3114,116
5349,114
1917,112
8961,112
2502,111
58559,111
1220,111
1259,110
33794,110
1307,110
551,110
1208,110
3147,109
1387,109
1961,109
2012,109
5418,108
2791,108
339,108
19,108
161,108
1080,108
2,107
2115,107
2291,107
62,107
4027,106
95,106
111,106
3897,105
4022,103
1393,103
2987,103
1222,102
185,102
919,101
2011,101
904,100
1225,100
2174,100
454,99
141,99
1079,99
7438,99
1610,99
25,98
1246,97
442,97
508,97
2617,96
300,96
788,96
1485,95
36,95
16,95
1584,94
1391,94
1573,94
5378,94
1101,93
440,93
1219,93
1247,93
2000,92
1148,92
2916,91
288,91
5989,90
594,90
3408,90
3751,89
104,89
1407,89
4878,89
17,89
2710,89
1394,88
923,88
474,88
1230,87
1356,87
410,87
353,87
2324,85
6365,85
1625,85
2268,85
317,85
8360,84
908,84
786,84
2302,84
6711,84
8665,83
4011,83
1028,83
1234,82
3977,82
1183,82
8636,81
6333,81
1201,81
1641,81
2700,80
1278,80
3481,80
509,80
337,80
368,79
3948,79
2054,79
33493,79
4034,79
1320,79
903,79
11,79
1380,78
2699,78
4896,78
1288,78
2081,78
3052,77
3623,77
1653,77
1252,77
1127,77
2353,77
44191,77
163,77
1954,76
520,76
160,76
1304,76
1199,75
553,75
2194,75
173,75
3949,75
1207,75
1035,74
2692,74
1676,74
1276,74
435,74
2406,74
4246,74
2657,74
1377,73
32587,73
2640,73
3253,72
420,72
3471,72
1673,72
1203,72
1204,71
1090,71
3753,71
1639,71
1690,71
235,71
555,71
3175,71
2671,71
8874,70
1997,70
1370,70
2542,70
1250,70
6502,70
266,70
432,70
913,70
832,69
2321,69
784,69
5816,69
54286,69
953,69
6934,69
79132,68
5060,68
1374,68
3527,68
59315,68
2006,67
3176,67
653,67
1233,67
4979,67
1500,67
70,67
920,67
708,67
1777,66
35836,66
2712,66
49272,66
370,66
3081,66
4085,65
4308,65
2470,65
5618,65
2985,65
2019,65
3911,65
48516,64
7147,64
745,64
1544,64
1262,64
485,64
5669,64
6016,64
2407,63
1285,63
1552,63
172,63
1396,63
3160,63
1376,63
497,63
1597,63
1608,62
1876,62
1748,62
596,62
1645,62
3101,62
2395,62
48780,61
1408,61
1266,61
4014,61
345,61
2003,61
3448,61
2572,61
3421,61
350,61
3033,61
236,60
552,60
5218,60
3994,60
466,60
1215,59
8368,59
805,59
2294,59
3,59
5299,59
1282,59
5481,59
1333,58
1242,58
265,58
2100,58
5,58
46578,58
1747,58
2804,58
2947,58
342,58
2599,58
5995,58
4370,58
60069,58
471,58
2167,58
196,58
158,58
56367,57
51662,57
2424,57
1302,57
55820,57
1569,57
225,57
8644,57
1722,57
3039,57
1375,56
6863,56
2001,56
1092,56
1729,56
494,56
5010,56
2023,56
1228,56
2193,55
7254,55
5502,55
72998,55
1358,55
543,55
1094,55
1674,55
3671,55
168,55
1466,54
48394,54
3499,54
1084,54
2105,54
1088,54
8464,54
910,54
112,54
1909,54
673,54
52,54
2455,54
151,54
4848,53
2144,53
762,53
6373,53
2529,53
529,53
3418,53
2763,53
40815,52
1371,52
68954,52
33166,52
1884,52
2273,51
5377,51
48,51
1372,51
2770,51
2021,51
1293,51
7,51
802,51
2890,51
2539,51
145,51
45722,50
783,50
899,50
315,50
5902,50
1275,50
44,50
2248,50
902,50
3552,50
68157,50
333,49
2005,49
969,49
1223,49
4025,49
376,49
30707,49
2161,49
1060,48
4720,48
252,48
6807,48
7143,48
58,48
2160,48
1562,48
50872,48
44195,48
1263,48
246,48
4018,48
3702,48
1405,48
720,48
48774,48
1339,47
3363,47
8784,47
45,47
2701,47
475,47
515,47
2717,47
1077,46
1343,46
3755,46
785,46
2420,46
661,46
852,46
355,46
3000,46
180,46
22,45
2641,45
1921,45
5991,45
186,45
628,45
1267,45
2300,45
3535,45
431,45
2150,45
70286,45
48385,45
6942,45
3489,45
1231,45
4262,45
3255,45
6378,45
2078,44
1059,44
849,44
69122,44
1172,44
2359,44
6218,44
1953,44
1120,44
30749,44
2278,44
1271,44
610,44
34162,44
41566,44
2085,44
6870,44
5679,43
2288,43
724,43
2788,43
4270,43
1345,43
1027,43
4447,43
303,43
3107,43
2080,43
3752,43
3785,43
2058,42
105,42
2076,42
5630,42
2724,42
3362,42
1962,42
3108,42
1967,42
4718,42
1129,42
256,42
2761,42
2064,42
63082,42
3256,42
4310,42
1244,41
3863,41
54503,41
3082,41
3703,41
2124,41
4571,41
1367,41
1663,41
306,41
2336,41
3275,41
1022,41
198,41
68358,41
51255,41
216,41
5459,41
3916,41
2694,41
838,40
2968,40
2501,40
2109,40
914,40
4816,40
1249,40
2722,40
1831,40
2871,40
8622,40
282,40
4975,40
4643,40
6537,40
954,40
204,40
2723,40
30793,39
8376,39
7090,39
1274,39
2313,39
1911,39
2908,39
1957,39
7293,39
1994,39
8798,39
2002,39
34048,39
3809,38
1907,38
4367,38
1292,38
8949,38
1441,38
1029,38
2087,38
1093,38
2108,38
1918,38
1586,38
3556,38
2541,38
3868,38
224,38
1042,38
34405,38
1061,38
1882,38
1188,38
69757,38
1269,38
3072,38
1947,38
3174,38
1261,38
3210,38
2746,38
2881,38
1235,38
1373,37
968,37
413,37
524,37
3717,37
4321,37
585,37
4361,37
2018,37
47610,37
2490,37
1717,37
8970,37
348,37
30812,37
261,37
3967,37
3105,37
46976,37
1287,37
2393,37
2949,37
3020,37
3624,37
6281,36
3386,36
64614,36
441,36
4223,36
1513,36
3006,36
455,36
3252,36
616,36
1296,36
273,36
5903,36
277,36
1186,36
2411,36
3247,36
1095,35
1212,35
5956,35
2944,35
909,35
2140,35
5810,35
3060,35
307,35
2289,35
45517,35
1378,35
5266,35
1590,35
5464,35
671,35
2605,35
4002,35
898,35
1032,35
372,35
4148,35
41569,35
2580,35
52973,35
4776,35
1086,35
930,35
31,34
1298,34
33679,34
719,34
1272,34
2826,34
647,34
2953,34
2686,34
2116,34
468,34
2133,34
2366,34
327,34
2409,34
3396,34
1321,34
3745,34
45499,34
2145,34
29,34
1037,34
81845,33
1449,33
7502,33
3698,33
3504,33
107,33
1945,33
135,33
379,33
2371,33
2948,33
3638,33
2707,33
2410,33
2094,33
1284,33
4128,32
1299,32
2581,32
799,32
74458,32
3087,32
8528,32
5013,32
1256,32
319,32
56174,32
3148,32
2795,32
89745,32
2096,32
1125,32
1350,32
3005,32
2082,32
2139,32
4239,32
2431,32
2067,32
2471,32
1047,32
830,32
4344,32
6953,32
1965,32
3424,32
1100,31
55765,31
1357,31
741,31
1020,31
2398,31
1185,31
2423,31
40819,31
2478,31
1952,31
2792,31
1982,31
2915,31
362,31
922,31
1438,31
79,31
33004,31
3098,31
1347,31
3100,31
3608,31
1912,31
538,30
54001,30
8957,30
546,30
1297,30
1644,30
7458,30
222,30
2231,30
308,30
73017,30
2232,30
91529,30
1680,30
6947,30
272,30
2421,30
1779,30
2186,30
2352,30
2528,30
1805,30
54997,30
3317,30
3507,30
247,30
3704,29
1591,29
53996,29
4369,29
81591,29
2616,29
49530,29
4641,29
54272,29
2405,29
78499,29
5954,29
1499,29
6323,29
44199,29
3354,29
3740,29
2872,29
3826,29
3617,29
562,29
1254,29
916,29
1253,29
80463,29
24,29
1479,29
4446,29
5971,28
1409,28
926,28
1179,28
1245,28
6787,28
3510,28
1587,28
4874,28
707,28
56782,28
3730,28
1248,28
2413,28
800,28
2739,28
2378,28
765,28
531,28
2384,28
2335,28
8641,28
1103,28
2394,28
1243,28
2664,28
2134,28
8984,28
2642,28
3361,28
2688,28
2951,28
1175,28
162,28
3697,28
4033,28
3555,27
1342,27
3273,27
60,27
3435,27
1041,27
3186,27
4638,27
30810,27
230,27
44555,27
4734,27
2728,27
2986,27
1588,27
249,27
1801,27
2004,27
27773,27
2010,27
237,27
928,27
280,27
232,27
880,27
1124,27
55247,27
1411,27
3526,27
2046,27
76251,27
933,27
3168,27
60684,26
18,26
1104,26
77561,26
1033,26
1260,26
71535,26
836,26
417,26
5064,26
5872,26
951,26
59369,26
3257,26
6534,26
8783,26
193,26
8917,26
4019,26
3263,26
2863,26
2141,26
53000,26
1019,26
1237,26
5388,26
1081,26
4489,26
59784,26
1217,26
6188,26
2402,26
2391,26
37729,26
6708,26
38038,26
3301,26
3683,26
7373,26
2301,26
1894,25
2126,25
6440,25
743,25
53125,25
6936,25
1025,25
140,25
1955,25
915,25
3969,25
4855,25
5782,25
2687,25
57669,25
3254,25
1257,25
4890,25
2427,25
1209,25
4016,25
4901,25
14,25
2527,25
637,25
31685,25
955,25
1091,25
3476,25
203,25
5945,25
1283,25
1711,25
5254,25
64839,25
4105,25
737,25
3300,25
934,25
514,25
79702,25
1344,25
2403,25
748,25
3104,24
2454,24
3827,24
491,24
7451,24
53972,24
215,24
405,24
428,24
109487,24
99114,24
54259,24
519,24
65,24
41997,24
4299,24
6157,24
1959,24
5015,24
4351,24
1556,24
38061,24
3893,24
1476,24
1227,24
8972,24
3157,24
144,24
207,24
2729,24
101,24
2993,24
44665,24
4023,24
3398,23
3285,23
3798,23
3088,23
2243,23
267,23
64957,23
2404,23
2600,23
1178,23
40629,23
3113,23
1224,23
6754,23
532,23
4007,23
2137,23
7162,23
33660,23
371,23
97304,23
837,23
39183,23
3178,23
338,23
8529,23
2912,23
2803,23
46723,23
1958,23
3409,23
535,23
1754,23
1960,23
2013,23
26614,23
76093,23
31658,23
2857,23
36529,23
276,22
2735,22
8533,22
8950,22
477,22
4214,22
3635,22
8958,22
533,22
175,22
2340,22
2808,22
3450,22
31410,22
2990,22
6565,22
61132,22
7173,22
23,22
3274,22
3156,22
1049,22
1950,22
34319,22
1956,22
4326,22
53322,22
1030,22
2428,22
1281,22
5291,22
3173,22
58998,22
194,22
2474,22
8132,22
5507,22
3360,22
3686,22
1566,22
68237,22
45447,22
1385,22
2125,22
2020,22
605,22
1388,22
373,22
6003,22
8361,22
88125,22
1327,22
2176,22
7445,21
6503,21
66934,21
2840,21
2132,21
76,21
2253,21
2245,21
2747,21
4235,21
12,21
3534,21
2643,21
1792,21
6979,21
1635,21
2297,21
1416,21
3246,21
88,21
965,21
2991,21
2730,21
1589,21
4881,21
3083,21
1616,21
1702,21
3070,21
382,21
3984,21
8983,21
3462,21
30825,21
6287,21
4327,21
2805,21
4343,21
4103,21
7454,20
1464,20
2118,20
1693,20
92259,20
5152,20
3791,20
52281,20
3869,20
52722,20
46530,20
5219,20
1883,20
5225,20
5944,20
1379,20
1348,20
2713,20
74789,20
122,20
8638,20
27904,20
999,20
940,20
91500,20
1974,20
47099,20
5444,20
2841,20
3681,20
125,20
1301,20
2567,20
69,20
2622,20
6957,20
534,20
31696,20
2450,20
446,20
2369,20
33615,20
2053,20
3146,20
3543,20
3438,20
6296,20
4623,20
82459,20
59615,20
415,20
905,20
81,20
3034,20
96079,20
5791,20
3959,20
61323,20
3468,20
3735,20
7099,19
599,19
31878,19
2734,19
81834,19
2973,19
8873,19
3030,19
45720,19
3044,19
866,19
2009,19
97921,19
3203,19
2422,19
1614,19
27706,19
2088,19
1834,19
971,19
51540,19
170,19
1488,19
3591,19
69844,19
3699,19
2719,19
3983,19
1171,19
4069,19
7360,19
4084,19
8810,19
1057,19
8910,19
1687,19
2468,19
4448,19
2496,19
4621,19
39292,19
4701,19
45728,19
41,19
839,19
481,19
2598,19
5135,19
2648,19
2318,19
69481,19
2333,19
1251,19
5673,19
85414,19
361,19
96610,19
1147,19
6350,19
112852,19
2463,18
72378,18
419,18
3201,18
7156,18
950,18
36517,18
3269,18
2662,18
3359,18
6383,18
2072,18
517,18
3429,18
1920,18
1620,18
2533,18
3593,18
1885,18
3654,18
68319,18
3744,18
227,18
1013,18
6620,18
1429,18
374,18
218,18
381,18
3980,18
2467,18
3986,18
34150,18
2203,18
412,18
4865,18
48738,18
4958,18
49278,18
5049,18
100,18
5065,18
63113,18
5103,18
72226,18
1096,18
5463,18
5992,18
3355,17
5878,17
3089,17
1459,17
1835,17
262,17
2143,17
6385,17
2338,17
6541,17
37741,17
6548,17
3334,17
4015,17
2565,17
6867,17
1892,17
94,17
3196,17
1031,17
72011,17
7323,17
9,17
1381,17
41285,17
4054,17
1017,17
8781,17
74,17
1678,17
3882,17
3298,17
55118,17
489,17
147,17
4232,17
60074,17
507,17
73,17
3022,17
2672,17
2485,17
164,17
4366,17
3250,17
4499,17
79091,17
1303,17
91542,17
37733,17
537,17
56152,16
109374,16
233,16
3307,16
1810,16
2146,16
305,16
3988,16
7022,16
3198,16
8807,16
4006,16
37386,16
4008,16
3825,16
4039,16
6709,16
911,16
482,16
3397,16
3258,16
4333,16
159,16
714,16
3267,16
1688,16
640,16
952,16
48304,16
2875,16
694,16
1078,16
1431,16
195,16
2720,16
2311,16
6796,16
5110,16
89,16
1099,16
6879,16
5446,16
157,16
3479,16
7160,16
281,16
3551,16
5528,16
1944,16
1719,16
2731,16
2942,16
2433,16
1126,16
383,16
1619,16
2505,16
1135,16
46972,16
2367,16
1603,16
6283,16
426,16
2946,16
3821,16
3508,16
26,16
257,16
502,16
2376,16
88129,16
3524,16
239,16
6662,16
1023,16
68791,15
46970,15
1389,15
1518,15
55276,15
3505,15
86,15
6331,15
1009,15
1963,15
3062,15
1964,15
861,15
3328,15
87232,15
6586,15
34072,15
1064,15
2794,15
6753,15
3037,15
2779,15
2130,15
234,15
842,15
994,15
3763,15
7004,15
3095,15
1194,15
663,15
3451,15
89864,15
3536,15
3646,15
1760,15
289,15
106782,15
3035,15
2412,15
3701,15
8340,15
290,15
2312,15
45950,15
2110,15
1226,15
3452,15
1425,15
818,15
3068,15
3461,15
3071,15
8865,15
56587,15
2793,15
1888,15
2989,15
5577,15
8914,15
4280,15
27611,15
1354,15
27808,15
900,15
1340,15
798,15
3019,15
3155,15
3478,15
104841,15
66,15
1218,15
3844,14
5541,14
91658,14
33154,14
8981,14
1833,14
86882,14
3639,14
55442,14
6303,14
5574,14
2401,14
2827,14
6104,14
942,14
5380,14
89492,14
6593,14
2117,14
5420,14
351,14
7325,14
1083,14
2123,14
1211,14
2513,14
67255,14
4487,14
3469,14
40278,14
2459,14
4677,14
5693,14
4041,14
7149,14
1845,14
3152,14
44022,14
3978,14
7444,14
1515,14
550,14
1353,14
45186,14
56775,14
2083,14
3513,14
8228,14
1643,14
1927,14
5283,14
3358,14
1334,14
46965,14
2677,14
1672,14
2950,14
2819,14
1939,14
1277,14
1268,14
4857,14
1689,14
1694,14
2059,14
1390,14
5690,14
3404,14
86332,14
2375,14
2114,14
1873,14
2060,14
3968,14
728,14
5151,14
1021,14
4639,14
2153,14
1238,14
2917,14
54995,14
906,14
55052,14
7158,14
804,14
2726,14
7387,14
1769,14
5505,13
991,13
5617,13
3249,13
2926,13
6155,13
4388,13
2240,13
5014,13
1772,13
63062,13
921,13
3841,13
2408,13
3219,13
7482,13
6944,13
7569,13
314,13
3159,13
3685,13
8169,13
4036,13
48082,13
63992,13
6242,13
4873,13
3999,13
2390,13
2372,13
986,13
2052,13
72641,13
2829,13
80489,13
2416,13
81847,13
2921,13
2764,13
2966,13
88744,13
2320,13
5785,13
52604,13
4545,13
5265,13
106487,13
2432,13
516,13
188,13
2995,13
4679,13
464,13
6380,13
2456,13
8861,13
2136,13
3754,13
6773,13
85,13
4880,13
55269,13
57,13
5293,13
2262,13
5308,13
2138,13
423,13
4903,13
3981,13
393,13
1015,13
81562,13
2034,13
674,13
56757,13
84152,13
4844,13
4467,13
56949,13
3365,13
57640,13
34437,13
2633,13
34542,13
110102,13
3668,13
3614,13
3498,13
20,13
575,13
4121,13
2517,13
2644,13
5943,13
3525,13
1753,13
493,13
3993,13
6659,13
1295,13
5400,13
5313,13
93,12
7981,12
6993,12
2414,12
6535,12
3007,12
1279,12
2090,12
7318,12
1797,12
154,12
3871,12
4340,12
8645,12
3705,12
5008,12
606,12
5040,12
79293,12
2822,12
91630,12
2919,12
1701,12
3494,12
56941,12
5171,12
58803,12
932,12
427,12
2447,12
62434,12
2042,12
4378,12
27831,12
1895,12
829,12
3741,12
3987,12
28,12
3264,12
7256,12
2476,12
4823,12
4005,12
102125,12
2334,12
106916,12
5500,12
55830,12
3271,12
2122,12
4020,12
57368,12
742,12
58293,12
5620,12
4329,12
4052,12
60040,12
5812,12
60072,12
1457,12
366,12
3093,12
2976,12
2549,12
63876,12
2550,12
4406,12
2183,12
66097,12
492,12
6888,12
5955,12
1189,12
1132,12
2889,12
6059,12
1010,12
50068,12
1975,12
2188,12
7151,12
1537,12
63,12
53519,12
2759,12
53953,12
1916,12
112556,12
3824,12
848,12
688,12
2206,12
2296,12
2971,12
106920,12
55290,12
111362,12
3675,12
1399,12
2363,11
1615,11
5747,11
3053,11
2357,11
421,11
1942,11
490,11
3910,11
92,11
5881,11
51935,11
542,11
52245,11
3706,11
4161,11
4465,11
52328,11
504,11
6187,11
1592,11
2860,11
4700,11
53121,11
2287,11
1305,11
1726,11
3261,11
2135,11
115617,11
8207,11
2594,11
5650,11
3262,11
3733,11
4941,11
68554,11
2469,11
69406,11
450,11
177,11
1487,11
44761,11
3316,11
26662,11
1799,11
1991,11
6297,11
947,11
4247,11
8372,11
4255,11
27660,11
2867,11
7371,11
3927,11
3441,11
55280,11
97913,11
1951,11
2322,11
2374,11
8366,11
3991,11
49286,11
3265,11
15,11
33162,11
64969,11
2065,11
879,11
1241,11
662,11
1946,11
328,11
1300,11
3296,11
4322,11
1840,11
56788,11
2015,11
4974,11
2883,11
1683,11
4062,11
2802,11
761,11
2379,11
2269,11
725,11
1005,11
609,11
26776,11
501,11
81564,11
2936,11
1414,11
3972,11
81932,11
61,11
1264,11
3545,11
5900,11
2247,11
4728,11
3548,11
88140,11
2745,11
2941,11
612,11
7367,11
2111,11
1289,11
4356,11
3812,11
61024,11
94959,11
1949,11
949,11
61240,11
1359,11
8969,11
2553,11
3973,11
5957,11
613,11
581,11
2506,11
1082,11
63859,11
3633,11
4029,11
5292,11
8977,11
4225,11
54190,11
43,11
3467,10
322,10
48783,10
4056,10
1130,10
2389,10
248,10
6755,10
631,10
3503,10
3917,10
4102,10
2089,10
1187,10
3477,10
6893,10
47629,10
948,10
2579,10
3512,10
448,10
1995,10
59725,10
1752,10
1924,10
7001,10
2693,10
2022,10
1970,10
7139,10
2718,10
3189,10
98809,10
4238,10
6550,10
2208,10
3760,10
7285,10
1401,10
2236,10
5303,10
3016,10
1395,10
1056,10
2772,10
1290,10
1889,10
3213,10
710,10
7669,10
711,10
3243,10
2906,10
181,10
1131,10
8371,10
77455,10
3615,10
3142,10
1480,10
84954,10
3618,10
2373,10
2789,10
1173,10
4553,10
1034,10
4616,10
106696,10
2436,10
82,10
8985,10
1735,10
4673,10
47997,10
3676,10
2558,10
1627,10
51086,10
27846,10
3801,10
2279,10
5294,10
1934,10
1542,10
4748,10
3836,10
2121,10
55282,10
3688,10
2070,10
4835,10
5524,10
3260,10
5572,10
32031,10
59501,10
2732,10
3908,10
3040,10
60950,10
1007,10
1361,10
1280,10
2142,10
2866,10
2901,10
4889,10
358,10
2497,10
71899,10
36401,10
1727,10
4954,10
102,10
1422,10
169,10
3268,10
1913,10
40732,10
332,10
2524,10
1914,10
42011,10
1461,10
2530,10
87306,10
2531,10
90866,10
42,10
6367,10
3061,10
92535,10
45501,10
1432,10
45672,10
1734,10
5026,10
98961,10
3066,10
5055,10
108932,10
7566,9
2346,9
2520,9
2429,9
1446,9
45431,9
2370,9
918,9
8640,9
7132,9
3952,9
1332,9
69784,9
2303,9
2709,9
5016,9
4978,9
1286,9
94864,9
46322,9
30820,9
2184,9
3546,9
1011,9
3102,9
6618,9
3420,9
3629,9
346,9
1541,9
7046,9
2266,9
7076,9
3251,9
2518,9
5072,9
88810,9
8907,9
1794,9
6552,9
1366,9
548,9
6731,9
112552,9
2387,9
3185,9
3932,9
2099,9
63131,9
5093,9
4167,9
4117,9
1468,9
1273,9
67734,9
2555,9
944,9
2922,9
70293,9
3769,9
731,9
931,9
73321,9
48877,9
4368,9
49274,9
80549,9
1707,9
2017,9
3788,9
2026,9
49651,9
39435,9
2316,9
6305,9
50442,9
973,9
2859,9
407,9
422,9
782,9
3077,9
95510,9
1006,9
3516,9
5267,9
102445,9
2935,9
709,9
544,9
60766,9
2574,9
64,9
52975,9
62374,9
2448,9
2349,9
53123,9
330,9
1594,9
3204,9
53464,9
64575,9
3814,9
64620,9
2583,9
6857,9
9018,9
2048,9
2877,9
67087,9
1806,9
27,9
278,9
113,9
1363,9
2690,9
54881,9
3125,9
2212,9
71530,9
2328,9
33669,9
7234,9
3439,9
5415,9
6724,9
55267,9
4210,9
1255,9
1999,9
5419,9
479,9
3677,9
36535,9
996,9
2112,9
2961,9
901,9
3852,9
347,9
56145,9
84772,9
56171,9
85774,9
3861,9
86833,9
1018,9
86911,9
3864,9
2092,9
2120,9
40583,9
27801,9
1665,9
3097,9
89904,9
4703,9
8493,9
27821,9
2162,9
3879,9
3153,9
5540,9
93510,9
58299,9
4992,9
3684,9
3054,9
7263,9
96821,9
6663,9
43936,9
1191,9
2263,9
5608,9
5009,9
7346,9
7347,9
47200,9
6564,9
47423,9
111759,9
47518,9
3483,9
1346,9
4040,9
3074,8
886,8
1699,8
3011,8
1232,8
4951,8
810,8
1483,8
3710,8
1713,8
3135,8
4464,8
6624,8
97,8
52319,8
176,8
692,8
5449,8
104374,8
37830,8
132,8
5452,8
2252,8
3538,8
990,8
3200,8
31420,8
38798,8
5222,8
3169,8
7163,8
5478,8
89804,8
1085,8
938,8
851,8
53993,8
6889,8
4887,8
39446,8
4079,8
6890,8
4037,8
3873,8
48043,8
4304,8
512,8
4519,8
78209,8
8880,8
4234,8
929,8
6664,8
7366,8
3997,8
1931,8
1016,8
3889,8
3466,8
1648,8
2399,8
4980,8
32296,8
3028,8
766,8
8937,8
2907,8
8948,8
2852,8
1649,8
3475,8
43396,8
1875,8
6810,8
8633,8
3388,8
116797,8
171,8
97938,8
2344,8
2178,8
3742,8
106100,8
3018,8
540,8
2439,8
3712,8
2442,8
112175,8
2970,8
6595,8
3928,8
828,8
1848,8
891,8
7386,8
4359,8
62511,8
2702,8
8965,8
6058,8
45210,8
2282,8
8966,8
3766,8
1862,8
4,8
63479,8
4815,8
2041,8
3594,8
3950,8
946,8
3550,8
6250,8
2546,8
3259,8
45666,8
31694,8
2443,8
1827,8
40,8
86377,8
2548,8
4372,8
3208,8
2154,8
45880,8
87869,8
809,8
1453,8
156,8
2159,8
2356,8
4386,8
4090,8
89774,8
68135,8
3802,8
1128,8
52952,8
2204,8
33437,8
3565,8
1216,8
4661,8
4205,8
511,8
7247,8
360,8
5296,8
2360,8
378,8
1969,8
4424,8
2361,8
97752,8
945,8
3347,8
69526,8
5339,8
7150,8
1392,8
3566,8
46,8
5970,8
2380,8
7649,8
2381,8
1996,8
334,8
47382,8
4207,8
7701,8
2606,8
1003,8
4902,8
8014,8
55232,8
2249,8
112183,8
3440,8
7013,8
1948,8
3726,8
3130,8
2551,8
4535,8
521,7
79134,7
943,7
1419,7
8879,7
3707,7
2025,7
3723,7
60397,7
3724,7
2181,7
3786,7
27741,7
3835,7
3134,7
1465,7
3244,7
2315,7
2097,7
2337,7
71033,7
2348,7
3529,7
2354,7
106489,7
1503,7
3038,7
656,7
1976,7
3998,7
3111,7
4010,7
41573,7
4017,7
935,7
678,7
49822,7
4124,7
55768,7
680,7
58025,7
4144,7
65261,7
4155,7
74545,7
4187,7
82461,7
4191,7
3549,7
1595,7
93840,7
4248,7
118696,7
4291,7
3029,7
4305,7
1971,7
695,7
27839,7
2445,7
30816,7
4339,7
522,7
4349,7
36708,7
1623,7
40339,7
2457,7
3163,7
4387,7
3197,7
4396,7
936,7
4474,7
1306,7
4492,7
50685,7
4508,7
54999,7
4546,7
55872,7
4558,7
56921,7
4642,7
3394,7
4681,7
2119,7
4705,7
67408,7
1111,7
71464,7
4757,7
78469,7
4799,7
1004,7
2511,7
84392,7
4866,7
2171,7
1658,7
88163,7
4936,7
91077,7
1681,7
96829,7
456,7
112290,7
5107,7
8870,7
2596,7
8947,7
5146,7
8973,7
735,7
26152,7
2613,7
27721,7
5282,7
27815,7
2618,7
190,7
5309,7
1977,7
5319,7
30822,7
1167,7
33646,7
5385,7
365,7
5479,7
36527,7
5530,7
37857,7
1762,7
39381,7
5772,7
2016,7
5784,7
42718,7
5876,7
44694,7
1192,7
45730,7
1821,7
387,7
2736,7
2043,7
6001,7
47999,7
781,7
2050,7
6156,7
48982,7
6166,7
50601,7
2750,7
51077,7
6235,7
53550,7
6263,7
55363,7
6264,7
55814,7
6266,7
2095,7
6299,7
2102,7
1858,7
3384,7
6538,7
2107,7
6615,7
60126,7
2810,7
60756,7
6669,7
3430,7
801,7
65514,7
6791,7
414,7
6793,7
71135,7
7044,7
2147,7
7073,7
77800,7
7137,7
2151,7
7161,7
81229,7
2929,7
3521,7
2932,7
84374,7
7618,7
2166,7
7836,7
86347,7
7925,7
302,7
2952,7
2177,7
8154,7
2180,7
122892,7
2182,7
2967,7
1398,7
8373,7
1012,7
1940,7
98154,7
8531,7
2202,7
1941,7
3649,7
352,7
122882,7
3004,7
1935,7
78174,6
558,6
4478,6
5108,6
61729,6
5128,6
1397,6
1050,6
2492,6
3979,6
3364,6
5147,6
71057,6
3682,6
4899,6
1150,6
116823,6
3990,6
48322,6
5300,6
52458,6
1516,6
3342,6
5312,6
58295,6
5316,6
4787,6
3727,6
72380,6
5329,6
80126,6
2639,6
4915,6
5364,6
103249,6
3729,6
155,6
5379,6
437,6
5389,6
49824,6
5391,6
51080,6
5401,6
3272,6
2654,6
1337,6
2670,6
4709,6
5506,6
57528,6
1176,6
59900,6
5610,6
3431,6
5621,6
67997,6
5632,6
71379,6
5638,6
74324,6
5666,6
79057,6
1755,6
81537,6
469,6
4914,6
78,6
4970,6
1785,6
95088,6
1804,6
459,6
174,6
45081,6
4031,6
3194,6
2385,6
2038,6
2749,6
48142,6
6159,6
2051,6
4047,6
2066,6
667,6
941,6
6212,6
51091,6
6213,6
52694,6
4066,6
4654,6
4068,6
3310,6
4080,6
55069,6
1836,6
4699,6
6294,6
569,6
4082,6
4719,6
6370,6
3930,6
6482,6
4744,6
4086,6
61160,6
340,6
63853,6
2806,6
64983,6
2815,6
66509,6
445,6
69640,6
6765,6
71211,6
6777,6
71579,6
6808,6
3484,6
6873,6
3501,6
6881,6
78574,6
2870,6
3506,6
6975,6
80906,6
7007,6
83134,6
7018,6
3528,6
4132,6
86298,6
2879,6
321,6
7123,6
3564,6
4149,6
2554,6
7154,6
96737,6
7155,6
105504,6
2902,6
115569,6
3764,6
45028,6
2903,6
2027,6
2905,6
2033,6
7169,6
3708,6
1919,6
2036,6
2940,6
1474,6
7827,6
47640,6
4184,6
3238,6
7980,6
3896,6
2956,6
49772,6
8253,6
50189,6
1598,6
2488,6
4231,6
50794,6
8542,6
3918,6
8623,6
2068,6
1600,6
2071,6
505,6
3270,6
8827,6
52885,6
8833,6
53129,6
8838,6
556,6
2425,6
3308,6
258,6
54648,6
8916,6
4678,6
513,6
2091,6
3032,6
55721,6
259,6
55995,6
892,6
56251,6
1606,6
4713,6
8978,6
56801,6
26133,6
574,6
26680,6
57532,6
4275,6
58103,6
27728,6
58303,6
27788,6
59387,6
27790,6
3412,6
27803,6
61236,6
1973,6
62081,6
27822,6
4770,6
4296,6
64622,6
27878,6
65088,6
229,6
65682,6
1611,6
3444,6
3819,6
3936,6
3079,6
69644,6
1983,6
4803,6
1984,6
71264,6
32598,6
4809,6
33085,6
3480,6
3091,6
72405,6
1993,6
3487,6
3096,6
76077,6
3099,6
2514,6
1998,6
4846,6
34153,6
79008,6
34332,6
79185,6
34530,6
79695,6
35957,6
299,6
2453,6
4867,6
5051,6
82202,6
3129,6
2532,6
38304,6
84944,6
449,6
85342,6
38886,6
86190,6
39234,6
86345,6
39444,6
87222,6
39715,6
4967,6
313,6
89753,6
72,6
4976,6
41571,6
3576,6
4427,6
94466,6
199,6
95441,6
42723,6
4994,6
42725,6
104879,6
43836,6
2568,6
1633,6
611,6
3167,6
115713,6
2473,6
44972,6
3831,6
6062,5
7570,5
2430,5
31424,5
2383,5
31427,5
1730,5
1981,5
102194,5
2587,5
1650,5
1177,5
68952,5
2796,5
5414,5
32596,5
897,5
4091,5
5527,5
2799,5
1739,5
33145,5
57951,5
638,5
5959,5
3090,5
8364,5
2801,5
2983,5
1992,5
1202,5
6567,5
79592,5
33639,5
1113,5
2307,5
86880,5
6587,5
91104,5
2310,5
6338,5
6591,5
3067,5
33836,5
56607,5
907,5
3368,5
191,5
121,5
5074,5
2261,5
2807,5
8042,5
4353,5
8268,5
4095,5
2975,5
34523,5
8501,5
4113,5
6005,5
34532,5
354,5
5177,5
2392,5
6636,5
2661,5
36519,5
2155,5
5047,5
3519,5
6650,5
6216,5
37380,5
26084,5
37720,5
87520,5
37731,5
3563,5
6658,5
1972,5
2462,5
2185,5
270,5
3604,5
747,5
1526,5
627,5
3628,5
6721,5
30846,5
2835,5
7560,5
2237,5
1593,5
6744,5
1236,5
1703,5
7766,5
2843,5
58315,5
3145,5
7932,5
6774,5
4769,5
2014,5
7991,5
275,5
62849,5
4401,5
3989,5
5220,5
3784,5
1440,5
1937,5
2280,5
8477,5
42632,5
982,5
4443,5
416,5
2846,5
4229,5
5649,5
8610,5
42738,5
8711,5
927,5
4814,5
43679,5
2748,5
2848,5
1604,5
43871,5
2625,5
43919,5
79274,5
43928,5
79720,5
6832,5
80831,5
44004,5
4876,5
2696,5
2163,5
279,5
83613,5
2024,5
4000,5
6880,5
25777,5
4466,5
4265,5
44788,5
2347,5
2611,5
4947,5
44974,5
2668,5
6884,5
619,5
2861,5
91535,5
549,5
2629,5
6932,5
3811,5
3179,5
2560,5
1887,5
97923,5
45668,5
101864,5
6951,5
103042,5
3190,5
6428,5
45726,5
107406,5
6952,5
3634,5
6954,5
114935,5
45732,5
31184,5
5668,5
56715,5
6959,5
254,5
6974,5
7579,5
46948,5
7619,5
4488,5
7624,5
3206,5
1105,5
5226,5
7762,5
47044,5
2106,5
4493,5
5092,5
6987,5
7842,5
6999,5
3767,5
47950,5
4754,5
47970,5
60487,5
4526,5
60937,5
5685,5
840,5
48161,5
4190,5
2612,5
956,5
7034,5
3771,5
5705,5
2507,5
48412,5
3432,5
48414,5
64716,5
48416,5
691,5
4555,5
4792,5
48696,5
4211,5
1417,5
4795,5
3248,5
1365,5
2331,5
69306,5
4564,5
1498,5
49130,5
8507,5
49132,5
4802,5
49220,5
8530,5
7060,5
8532,5
4577,5
6006,5
7062,5
1554,5
49961,5
6078,5
554,5
73015,5
7063,5
4233,5
7070,5
650,5
1445,5
8830,5
7101,5
78039,5
7121,5
78349,5
2265,5
1654,5
123,5
187,5
2891,5
3953,5
51084,5
79224,5
5792,5
3672,5
5801,5
885,5
51575,5
6170,5
1190,5
4254,5
51709,5
8959,5
51834,5
5470,5
52435,5
213,5
626,5
3955,5
2615,5
5477,5
5893,5
8968,5
7164,5
4888,5
5899,5
4263,5
13,5
1966,5
1330,5
85367,5
7265,5
603,5
53207,5
6238,5
7317,5
1731,5
4664,5
86898,5
7324,5
3051,5
7327,5
4945,5
7345,5
26819,5
2925,5
1581,5
2927,5
126,5
54796,5
4276,5
4158,5
3055,5
4159,5
5297,5
3324,5
6290,5
7376,5
1497,5
3326,5
94777,5
3327,5
95167,5
55241,5
95875,5
835,5
96488,5
3330,5
6301,5
3339,5
3598,5
3341,5
4998,5
5941,5
99149,5
3919,5
3606,5
55577,5
102903,5
7419,5
103141,5
2377,5
103253,5
55805,5
104913,5
2500,5
6461,5
3350,5
5025,5
3923,5
111360,5
7449,5
1460,5
2943,5
112623,5
56176,5
700,5
7481,5
5034,5
56339,5
31422,5
4710,5
5066,5
2259,5
134853,5
36533,4
2364,4
49647,4
2660,4
86320,4
5462,4
44204,4
4063,4
55080,4
5483,4
72731,4
5497,4
4042,4
5498,4
271,4
3761,4
47465,4
5501,4
3287,4
5504,4
3387,4
4067,4
68793,4
5521,4
78637,4
5523,4
90600,4
1076,4
115149,4
2676,4
4676,4
5553,4
42734,4
5584,4
45361,4
5602,4
4811,4
5603,4
1323,4
5609,4
54281,4
5611,4
3732,4
5613,4
3400,4
668,4
65130,4
5637,4
5094,4
4089,4
74851,4
3770,4
5224,4
5670,4
89030,4
5680,4
95377,4
443,4
2195,4
5696,4
3110,4
3783,4
4662,4
753,4
39231,4
5787,4
42007,4
5843,4
4733,4
4126,4
44828,4
1788,4
46850,4
5882,4
47810,4
472,4
3961,4
433,4
51471,4
473,4
3281,4
331,4
2351,4
99,4
54780,4
1816,4
2093,4
4143,4
57526,4
5994,4
1684,4
6012,4
1351,4
6122,4
2365,4
6158,4
66665,4
6162,4
70183,4
6163,4
418,4
6184,4
5111,4
4174,4
5127,4
2752,4
80862,4
6197,4
1545,4
4178,4
87430,4
1456,4
1066,4
6214,4
92420,4
4186,4
1068,4
6223,4
1404,4
6239,4
111659,4
67,4
34528,4
6254,4
36525,4
6286,4
37384,4
1837,4
3117,4
2769,4
1646,4
241,4
4682,4
6308,4
2499,4
2771,4
42197,4
6335,4
43376,4
6341,4
4735,4
2782,4
4738,4
2787,4
3718,4
6379,4
3947,4
6422,4
4800,4
6436,4
3720,4
4212,4
3225,4
6466,4
48593,4
1863,4
2057,4
2798,4
50740,4
1866,4
2522,4
6566,4
1661,4
4220,4
53318,4
312,4
53894,4
4224,4
54004,4
6617,4
54732,4
6639,4
3678,4
6666,4
4929,4
487,4
718,4
1602,4
56885,4
6713,4
3734,4
1878,4
59014,4
6734,4
577,4
6743,4
3992,4
4240,4
458,4
2836,4
63072,4
6763,4
408,4
6764,4
65642,4
6768,4
67197,4
6770,4
116,4
1605,4
2589,4
6785,4
71466,4
4251,4
72395,4
3700,4
73023,4
6797,4
3497,4
6800,4
5120,4
1881,4
5139,4
6868,4
5170,4
6869,4
81156,4
2856,4
3515,4
2862,4
85881,4
6963,4
87192,4
6966,4
88235,4
6970,4
3554,4
68,4
3557,4
639,4
5325,4
6989,4
5341,4
4292,4
96811,4
7036,4
100714,4
7040,4
103228,4
1427,4
1014,4
7069,4
2652,4
7072,4
2205,4
7080,4
119145,4
7085,4
34534,4
7116,4
36509,4
2888,4
3112,4
2899,4
37240,4
697,4
369,4
7171,4
37727,4
7190,4
2495,4
7215,4
3133,4
7216,4
917,4
1906,4
3920,4
7261,4
4686,4
1910,4
40574,4
7303,4
42004,4
7305,4
42009,4
4338,4
1647,4
2314,4
1484,4
2446,4
4727,4
7348,4
3929,4
4341,4
547,4
703,4
44225,4
2928,4
44709,4
704,4
1024,4
7372,4
45221,4
2937,4
45662,4
7439,4
46062,4
7460,4
1495,4
8,4
2045,4
7572,4
3217,4
7573,4
47644,4
2458,4
47894,4
1626,4
3230,4
7646,4
3957,4
7706,4
48596,4
7728,4
4826,4
7757,4
49396,4
7896,4
49666,4
7926,4
2519,4
7933,4
1322,4
7934,4
51925,4
8019,4
51939,4
8094,4
1114,4
1932,4
2264,4
8157,4
53435,4
8239,4
1667,4
8273,4
53956,4
8337,4
2535,4
1629,4
1336,4
8341,4
4911,4
1936,4
54736,4
2969,4
4912,4
1938,4
4916,4
2974,4
565,4
1631,4
55444,4
8491,4
56169,4
8492,4
4969,4
3870,4
3985,4
4428,4
3379,4
4429,4
58047,4
4432,4
2563,4
8581,4
58376,4
8596,4
59022,4
4444,4
59429,4
8614,4
59731,4
506,4
205,4
8666,4
60760,4
8690,4
1352,4
4452,4
5021,4
8796,4
1355,4
8814,4
5027,4
8860,4
2575,4
8908,4
64997,4
4479,4
65230,4
4480,4
66203,4
452,4
206,4
3036,4
30,4
3895,4
68848,4
4495,4
69951,4
3045,4
4003,4
25827,4
71205,4
26116,4
71282,4
26131,4
295,4
4506,4
1382,4
26150,4
72407,4
26502,4
72733,4
26528,4
73323,4
26555,4
74685,4
3046,4
74795,4
26729,4
75341,4
1642,4
77866,4
26965,4
78105,4
27266,4
78517,4
27416,4
78772,4
1043,4
80219,4
27731,4
80969,4
4537,4
81158,4
518,4
665,4
4544,4
5237,4
27834,4
4021,4
27838,4
86142,4
1978,4
2169,4
1979,4
3544,4
30850,4
5298,4
30894,4
424,4
30898,4
89470,4
4565,4
2634,4
31193,4
89759,4
31221,4
90439,4
31223,4
90647,4
31225,4
91890,4
3075,4
3577,4
3076,4
3584,4
32019,4
3590,4
4587,4
2187,4
33158,4
97306,4
4603,4
102123,4
33495,4
5392,4
4613,4
103335,4
4614,4
5404,4
33830,4
106642,4
33834,4
108190,4
33880,4
111443,4
3912,4
112138,4
34271,4
5434,4
34323,4
2210,4
453,4
34336,4
3094,4
56333,3
1406,3
2271,3
4266,3
4845,3
6883,3
6584,3
6887,3
3572,3
242,3
4798,3
4274,3
52712,3
6946,3
3401,3
808,3
71542,3
6948,3
2659,3
618,3
5384,3
2868,3
45503,3
1609,3
48560,3
4282,3
51412,3
1571,3
55071,3
5707,3
58107,3
4285,3
961,3
4290,3
3470,3
6978,3
74532,3
6985,3
80860,3
6990,3
1463,3
6996,3
5363,3
7000,3
104241,3
7019,3
119155,3
7023,3
4783,3
7027,3
4801,3
7033,3
4833,3
4298,3
50804,3
3840,3
52241,3
7048,3
2084,3
7051,3
5629,3
7057,3
1055,3
7058,3
59256,3
7064,3
6549,3
7075,3
64497,3
2880,3
68159,3
7082,3
71252,3
7086,3
73266,3
7087,3
76175,3
7089,3
79428,3
7091,3
5247,3
7096,3
4024,3
7102,3
2844,3
7115,3
1442,3
4316,3
2847,3
4318,3
6820,3
7135,3
6858,3
2437,3
113741,3
3693,3
45382,3
7142,3
2029,3
1897,3
3199,3
465,3
47261,3
2900,3
4808,3
4332,3
48698,3
3849,3
49526,3
760,3
50658,3
1902,3
3966,3
7208,3
1496,3
7210,3
1326,3
7212,3
53460,3
7218,3
54771,3
7219,3
4932,3
7235,3
4956,3
83,3
56805,3
7255,3
3385,3
5802,3
58351,3
4336,3
5493,3
5803,3
3405,3
103,3
959,3
7294,3
3428,3
5808,3
65216,3
7316,3
67508,3
4337,3
69069,3
250,3
70336,3
7334,3
71468,3
7340,3
1410,3
833,3
2820,3
2714,3
1601,3
7362,3
78088,3
7369,3
79139,3
5826,3
5214,3
5833,3
5231,3
4345,3
85401,3
7379,3
2168,3
7380,3
2382,3
7381,3
2276,3
3857,3
91094,3
7394,3
6794,3
7395,3
95105,3
7437,3
96606,3
5836,3
97860,3
7440,3
99813,3
2939,3
103539,3
499,3
106062,3
184,3
108583,3
7484,3
111743,3
7493,3
1069,3
5853,3
3177,3
705,3
3181,3
7581,3
6291,3
7584,3
4775,3
7614,3
4789,3
7616,3
488,3
429,3
47122,3
5864,3
3214,3
2460,3
4804,3
7698,3
48319,3
7700,3
5485,3
1929,3
6339,3
7705,3
49225,3
7708,3
2780,3
7714,3
3964,3
7753,3
6358,3
7802,3
50912,3
7812,3
2069,3
7831,3
2521,3
7832,3
51931,3
7833,3
52279,3
7834,3
4884,3
7835,3
53189,3
7839,3
53468,3
7840,3
2540,3
7841,3
55031,3
4381,3
4928,3
7889,3
1117,3
5522,3
55851,3
7983,3
56156,3
8008,3
6480,3
8011,3
56915,3
8012,3
4981,3
8016,3
2561,3
8045,3
58246,3
8119,3
59016,3
5891,3
3395,3
4397,3
60037,3
8183,3
5011,3
1933,3
3406,3
8232,3
61465,3
1475,3
62999,3
8261,3
3427,3
4407,3
5033,3
8362,3
5048,3
4411,3
6579,3
4415,3
1869,3
8369,3
68073,3
8370,3
5642,3
5933,3
5076,3
8382,3
69849,3
8385,3
71106,3
8446,3
5099,3
8459,3
6629,3
8460,3
72356,3
5938,3
5109,3
8482,3
74228,3
8499,3
74452,3
5942,3
74688,3
8502,3
75813,3
4133,3
76293,3
8512,3
78218,3
8520,3
78746,3
8521,3
79242,3
8526,3
5187,3
2978,3
3511,3
5476,3
81788,3
4437,3
2165,3
4440,3
85022,3
8534,3
85736,3
5951,3
86290,3
8582,3
86781,3
8589,3
2173,3
8607,3
88785,3
8620,3
4030,3
3872,3
90405,3
2988,3
90746,3
35,3
91128,3
451,3
2386,3
4141,3
93363,3
8643,3
5684,3
255,3
6798,3
8650,3
96281,3
8695,3
1162,3
4450,3
3596,3
8712,3
3599,3
8726,3
3605,3
8754,3
101525,3
8772,3
6850,3
3002,3
103810,3
5961,3
6852,3
8800,3
3616,3
8808,3
3622,3
8815,3
110586,3
2323,3
2851,3
3877,3
5691,3
869,3
5440,3
3008,3
118930,3
8866,3
45208,3
875,3
6288,3
4473,3
45440,3
3015,3
3182,3
1477,3
45635,3
5969,3
3943,3
8915,3
3946,3
8920,3
4200,3
8928,3
384,3
8934,3
46337,3
882,3
438,3
8939,3
46967,3
8943,3
6298,3
8946,3
3211,3
4477,3
635,3
2325,3
4081,3
8951,3
6316,3
888,3
6322,3
4483,3
48159,3
893,3
48520,3
896,3
48591,3
8974,3
4821,3
4494,3
1596,3
3789,3
4830,3
4498,3
2515,3
8989,3
49282,3
9010,3
49649,3
25750,3
49957,3
25771,3
50005,3
25826,3
50445,3
2682,3
50792,3
25850,3
50802,3
25856,3
50851,3
25865,3
3965,3
25923,3
4871,3
25927,3
51277,3
25940,3
2781,3
25999,3
51678,3
1826,3
51884,3
685,3
2784,3
6002,3
3266,3
3709,3
52283,3
26258,3
52462,3
26285,3
52644,3
26375,3
52767,3
26444,3
2790,3
26462,3
53466,3
26485,3
6405,3
2741,3
6425,3
5544,3
6433,3
3049,3
3322,3
26712,3
6446,3
4515,3
6448,3
26865,3
5628,3
26903,3
3344,3
27020,3
55732,3
27251,3
1051,3
27317,3
55955,3
27410,3
56012,3
6022,3
6470,3
27478,3
4966,3
149,3
6484,3
189,3
6485,3
6027,3
1507,3
6031,3
57504,3
4533,3
57534,3
3063,3
2239,3
27837,3
1856,3
2479,3
58154,3
27873,3
58297,3
3901,3
58627,3
27882,3
4215,3
4557,3
59392,3
30803,3
287,3
6060,3
59995,3
4154,3
6542,3
30818,3
60161,3
3073,3
60674,3
1980,3
4218,3
3674,3
2570,3
30848,3
726,3
6077,3
2267,3
31116,3
62792,3
31162,3
6559,3
6093,3
3426,3
6100,3
63433,3
6101,3
5633,3
31260,3
64285,3
31367,3
5039,3
5548,3
65188,3
2482,3
65225,3
31437,3
65810,3
4572,3
461,3
31660,3
4221,3
2332,3
67665,3
363,3
3447,3
31700,3
68269,3
31770,3
2417,3
31804,3
69140,3
4578,3
988,3
32017,3
210,3
32029,3
2418,3
4580,3
70361,3
32213,3
4228,3
3086,3
71254,3
32298,3
71462,3
32302,3
71518,3
1985,3
3816,3
32898,3
998,3
1986,3
615,3
4589,3
1058,3
3799,3
6660,3
33164,3
73587,3
33171,3
74282,3
2295,3
74450,3
33499,3
74510,3
33585,3
486,3
4164,3
5646,3
2483,3
75805,3
33672,3
2148,3
33681,3
212,3
33722,3
6695,3
33781,3
1535,3
5556,3
78266,3
4168,3
4009,3
4625,3
2152,3
34143,3
5159,3
4628,3
79318,3
3103,3
2828,3
34321,3
5651,3
6178,3
2272,3
6183,3
80590,3
34338,3
80928,3
34359,3
81791,3
34520,3
82093,3
3915,3
84273,3
1482,3
5250,3
2493,3
85056,3
36397,3
85510,3
4644,3
6752,3
4649,3
1151,3
6193,3
86293,3
6196,3
5288,3
268,3
2624,3
36537,3
2697,3
3689,3
87485,3
37382,3
4028,3
6201,3
2179,3
5573,3
2306,3
37475,3
2635,3
2286,3
90376,3
37736,3
90469,3
269,3
90603,3
37853,3
90888,3
39400,3
5323,3
3141,3
3569,3
6234,3
91976,3
40581,3
92509,3
40826,3
93272,3
40962,3
93831,3
41527,3
94677,3
55,3
1161,3
41716,3
95193,3
41863,3
95858,3
4188,3
1067,3
42013,3
96588,3
42018,3
96728,3
2757,3
96751,3
42418,3
4259,3
6245,3
6812,3
42728,3
1565,3
42730,3
1168,3
6252,3
99112,3
43460,3
2242,3
43560,3
99917,3
43652,3
101962,3
4723,3
3830,3
4725,3
103341,3
43917,3
103688,3
2504,3
104211,3
43930,3
2190,3
4189,3
3758,3
44193,3
106072,3
6268,3
6856,3
6269,3
3619,3
6270,3
107348,3
44397,3
2649,3
44633,3
6862,3
240,3
111364,3
44759,3
5689,3
3715,3
117,3
44840,3
118,3
44864,3
114662,3
4745,3
115664,3
5480,3
117529,3
4749,3
119141,3
4750,3
127098,3
45106,3
2040,3
84613,2
970,2
6860,2
32139,2
74668,2
5874,2
94070,2
32291,2
5023,2
7743,2
4347,2
7745,2
5168,2
5780,2
89102,2
32349,2
7585,2
32371,2
32076,2
32582,2
3433,2
32584,2
1437,2
7756,2
2816,2
32589,2
77843,2
6148,2
6722,2
4588,2
86548,2
32728,2
4522,2
32840,2
27879,2
4127,2
104155,2
7759,2
113348,2
33036,2
1865,2
4371,2
5815,2
4595,2
460,2
4599,2
1695,2
2461,2
993,2
4600,2
997,2
7772,2
73860,2
4160,2
76079,2
7782,2
6707,2
33288,2
26547,2
33312,2
5232,2
4605,2
6014,2
33451,2
4241,2
5450,2
27482,2
7792,2
27772,2
6927,2
4153,2
7810,2
7577,2
4610,2
103137,2
33621,2
6139,2
4612,2
111617,2
2663,2
116799,2
6973,2
60763,2
7822,2
61348,2
7826,2
1783,2
523,2
5036,2
645,2
64993,2
33685,2
409,2
6931,2
67788,2
33779,2
3739,2
813,2
25752,2
4619,2
5643,2
4267,2
25868,2
5564,2
5644,2
1102,2
25993,2
166,2
5998,2
33903,2
74916,2
34018,2
77330,2
7092,2
3502,2
7093,2
7417,2
4380,2
1002,2
6976,2
80615,2
4633,2
2241,2
2882,2
4092,2
6174,2
85020,2
4635,2
27003,2
4313,2
27156,2
444,2
88179,2
34326,2
89761,2
6181,2
6788,2
7845,2
5847,2
7846,2
27800,2
7883,2
6042,2
528,2
3860,2
54,2
97225,2
34469,2
3602,2
7888,2
1170,2
2491,2
2255,2
5568,2
1454,2
7104,2
7078,2
7894,2
110110,2
6185,2
7084,2
34540,2
6872,2
87,2
2656,2
34552,2
60753,2
3109,2
60939,2
7895,2
61248,2
36276,2
80,2
3694,2
3417,2
5569,2
2924,2
5570,2
63808,2
7897,2
64167,2
7898,2
5451,2
6190,2
2327,2
1044,2
6581,2
4382,2
3673,2
5879,2
7364,2
1472,2
1364,2
5472,2
3453,2
4655,2
69134,2
37211,2
69524,2
7107,2
6614,2
2494,2
70599,2
7943,2
71156,2
7944,2
71429,2
3865,2
25886,2
2464,2
72167,2
1746,2
25937,2
7982,2
3485,2
5580,2
1871,2
1413,2
4501,2
3120,2
74530,2
5732,2
26172,2
37739,2
26240,2
7990,2
26271,2
4666,2
77795,2
4392,2
78041,2
2756,2
78316,2
6219,2
26425,2
6220,2
5158,2
38188,2
79553,2
712,2
79879,2
38499,2
26585,2
38600,2
1087,2
3713,2
2609,2
5581,2
4509,2
38992,2
82053,2
38994,2
26726,2
6225,2
3747,2
6228,2
1546,2
6230,2
26870,2
3137,2
27073,2
6232,2
2170,2
470,2
1071,2
39421,2
670,2
39427,2
27338,2
3138,2
27397,2
4685,2
5509,2
7117,2
27604,2
39449,2
90870,2
6233,2
91485,2
7118,2
2669,2
4690,2
4532,2
40414,2
93838,2
3805,2
94780,2
4393,2
2945,2
4692,2
95543,2
40614,2
27865,2
152,2
447,2
40723,2
3597,2
4697,2
98056,2
274,2
2283,2
40817,2
5387,2
3921,2
102800,2
6981,2
2647,2
40851,2
103772,2
40946,2
5868,2
40952,2
7647,2
5883,2
106491,2
40966,2
31431,2
41025,2
108981,2
41226,2
7702,2
2498,2
31785,2
4394,2
31807,2
6237,2
114265,2
8043,2
5443,2
3922,2
117176,2
4704,2
5692,2
8044,2
133419,2
41721,2
60758,2
6983,2
60806,2
3714,2
4219,2
42002,2
5017,2
8056,2
61262,2
3662,2
61401,2
6240,2
6554,2
201,2
62250,2
8057,2
7028,2
42015,2
62956,2
5887,2
3024,2
7124,2
8956,2
8125,2
7354,2
3924,2
64034,2
3925,2
7357,2
3926,2
5635,2
8127,2
966,2
8128,2
2475,2
5890,2
5980,2
42732,2
65585,2
6249,2
4078,2
5588,2
834,2
42740,2
66798,2
134170,2
1138,2
1046,2
67695,2
43419,2
8982,2
3653,2
68194,2
43556,2
2128,2
8153,2
9004,2
2211,2
6950,2
816,2
69251,2
43744,2
5073,2
8167,2
7045,2
5601,2
3832,2
43904,2
25788,2
43908,2
25825,2
43912,2
70728,2
6984,2
71108,2
6935,2
7374,2
4732,2
2244,2
8191,2
5102,2
43932,2
25870,2
8197,2
7050,2
3807,2
5105,2
3808,2
72308,2
4736,2
72386,2
8206,2
25952,2
5734,2
72762,2
3172,2
25962,2
8225,2
25996,2
503,2
73494,2
5736,2
74089,2
44399,2
26106,2
44511,2
5114,2
202,2
74541,2
44613,2
26163,2
4129,2
6672,2
6279,2
6678,2
4741,2
75985,2
1896,2
26249,2
44729,2
77307,2
1886,2
5121,2
4743,2
5123,2
8266,2
6687,2
4193,2
6702,2
4404,2
78264,2
4131,2
26394,2
44929,2
78633,2
44949,2
3743,2
8291,2
1145,2
8293,2
26471,2
45003,2
79357,2
8302,2
7056,2
45062,2
79760,2
45074,2
2290,2
8330,2
80241,2
8331,2
80551,2
5453,2
463,2
8334,2
80917,2
8336,2
6725,2
1791,2
1420,2
4195,2
81784,2
8338,2
602,2
4756,2
5233,2
5901,2
5235,2
45442,2
5246,2
3937,2
26760,2
5475,2
84696,2
696,2
5667,2
2721,2
26791,2
3183,2
26812,2
2892,2
1547,2
8363,2
2744,2
4767,2
1879,2
2898,2
1880,2
5911,2
27155,2
7152,2
1152,2
4771,2
7059,2
6991,2
87304,2
4323,2
7453,2
5926,2
27329,2
4784,2
88405,2
844,2
27391,2
3719,2
89343,2
1839,2
6782,2
4419,2
1756,2
46335,2
90249,2
8375,2
90430,2
4324,2
7479,2
2037,2
27685,2
4790,2
90943,2
2766,2
91126,2
46865,2
3567,2
6992,2
3571,2
8383,2
4529,2
1901,2
92422,2
2341,2
3843,2
4796,2
93598,2
46974,2
93855,2
8387,2
6040,2
8410,2
4543,2
4203,2
5353,2
8424,2
95313,2
47148,2
95449,2
2440,2
7505,2
8451,2
3064,2
47264,2
5375,2
8458,2
27899,2
5508,2
96911,2
5604,2
2330,2
47491,2
97866,2
3216,2
97936,2
3846,2
98373,2
8461,2
99007,2
5458,2
4563,2
6315,2
101142,2
8462,2
102033,2
6318,2
102407,2
614,2
102993,2
47952,2
6841,2
8463,2
103339,2
47976,2
103655,2
3221,2
103980,2
4805,2
5867,2
4420,2
4046,2
48061,2
105211,2
3690,2
6920,2
4331,2
4566,2
8481,2
4568,2
3956,2
3620,2
48262,2
5417,2
4810,2
108727,2
1891,2
3627,2
1841,2
5779,2
48326,2
3692,2
937,2
7083,2
4812,2
112171,2
4813,2
112421,2
483,2
112804,2
2345,2
31867,2
1112,2
114762,2
48518,2
119,2
8485,2
116161,2
8487,2
116897,2
48584,2
117533,2
1793,2
32022,2
6334,2
5447,2
129,2
129354,2
48598,2
5809,2
4426,2
6547,2
8495,2
8921,2
4822,2
8923,2
48741,2
498,2
48744,2
8929,2
8496,2
61071,2
390,2
7326,2
7167,2
3414,2
48791,2
61250,2
939,2
3415,2
48943,2
61352,2
7168,2
61406,2
48997,2
61697,2
49007,2
61986,2
2864,2
62155,2
4834,2
62336,2
4116,2
62394,2
3834,2
806,2
5489,2
6558,2
1312,2
3837,2
1316,2
6561,2
49280,2
4061,2
7175,2
8955,2
1317,2
63515,2
49347,2
2733,2
6345,2
1867,2
49524,2
64030,2
7177,2
64116,2
2062,2
4482,2
6347,2
8963,2
7178,2
3434,2
1318,2
5046,2
7179,2
3436,2
4841,2
3736,2
49793,2
6568,2
4842,2
6569,2
2516,2
8967,2
49917,2
5752,2
5525,2
3738,2
7184,2
65612,2
1447,2
5054,2
3963,2
65868,2
50158,2
66171,2
50160,2
66371,2
4438,2
5764,2
50274,2
467,2
4849,2
5460,2
7195,2
5062,2
50514,2
7365,2
4852,2
3445,2
7207,2
2582,2
1655,2
5817,2
6357,2
3041,2
50742,2
68205,2
8535,2
359,2
436,2
5824,2
50798,2
3454,2
8571,2
6596,2
8575,2
6603,2
50806,2
976,2
2874,2
5993,2
50858,2
69278,2
4862,2
69324,2
7209,2
984,2
50923,2
2368,2
51063,2
5077,2
1656,2
25753,2
8583,2
2477,2
8588,2
70159,2
4870,2
5081,2
51088,2
25795,2
179,2
70533,2
51187,2
70643,2
2727,2
5090,2
8600,2
4277,2
51357,2
1870,2
51372,2
6619,2
8604,2
25841,2
7211,2
7378,2
1749,2
5101,2
8609,2
7049,2
51638,2
6625,2
51660,2
71500,2
3810,2
71520,2
767,2
25893,2
8611,2
2590,2
3660,2
71902,2
4135,2
72131,2
51903,2
6902,2
6371,2
25930,2
51927,2
5106,2
8617,2
6643,2
4293,2
7382,2
51937,2
3820,2
2786,2
72737,2
52005,2
72919,2
52042,2
73000,2
847,2
1696,2
5799,2
73106,2
8631,2
1384,2
2074,2
73344,2
1943,2
7052,2
52287,2
73881,2
2075,2
74156,2
5800,2
74275,2
1660,2
1621,2
130,2
7389,2
7217,2
7053,2
52579,2
26151,2
52591,2
5116,2
7008,2
7054,2
7009,2
74754,2
4885,2
26189,2
7223,2
74868,2
52715,2
74946,2
2077,2
75425,2
2992,2
26242,2
1662,2
6684,2
52950,2
26246,2
3725,2
7396,2
52967,2
76709,2
3971,2
77328,2
1329,2
3500,2
746,2
77667,2
53004,2
77798,2
53024,2
77837,2
1846,2
77846,2
3282,2
26283,2
1331,2
7413,2
484,2
26326,2
7228,2
7414,2
4893,2
26386,2
1904,2
5134,2
3286,2
6703,2
53349,2
26422,2
6390,2
1585,2
53447,2
630,2
8656,2
1142,2
6392,2
1000,2
8661,2
4352,2
854,2
26464,2
779,2
5165,2
4898,2
26479,2
53574,2
7055,2
6410,2
79588,2
53921,2
1539,2
8684,2
4013,2
6412,2
79796,2
3299,2
79946,2
53974,2
80139,2
6413,2
80222,2
2400,2
4152,2
3302,2
26587,2
6424,2
26603,2
3306,2
80693,2
54193,2
26606,2
5958,2
664,2
1668,2
5841,2
54274,2
5653,2
54276,2
81191,2
54278,2
81417,2
6426,2
6732,2
7010,2
5663,2
3311,2
4279,2
54513,2
81817,2
3696,2
26688,2
8701,2
81910,2
6434,2
82037,2
4125,2
26693,2
5625,2
2164,2
54785,2
5238,2
1855,2
6911,2
3975,2
6013,2
394,2
84601,2
7012,2
84637,2
6442,2
84770,2
8714,2
5255,2
2876,2
84957,2
4917,2
3858,2
8730,2
85131,2
2913,2
6751,2
55094,2
5279,2
4918,2
7448,2
55176,2
85788,2
4920,2
4354,2
4921,2
27002,2
55245,2
5284,2
4922,2
7450,2
55250,2
1550,2
55253,2
86504,2
55257,2
86644,2
55261,2
86817,2
4925,2
86835,2
6454,2
3539,2
55274,2
27186,2
8765,2
1716,2
3340,2
87234,2
8771,2
6020,2
55284,2
27311,2
55286,2
301,2
7258,2
2275,2
3728,2
1153,2
55417,2
5677,2
8774,2
6772,2
6464,2
27373,2
55553,2
89090,2
55555,2
89118,2
4142,2
5678,2
55687,2
6780,2
4944,2
6783,2
148,2
5771,2
7017,2
3859,2
2238,2
90057,2
3661,2
90374,2
4950,2
27592,2
819,2
6786,2
3351,2
90531,2
4462,2
4357,2
715,2
90738,2
55895,2
120,2
55908,2
27689,2
4294,2
5321,2
864,2
4524,2
55999,2
27727,2
56003,2
5324,2
7280,2
6790,2
1341,2
91622,2
4957,2
7061,2
510,2
91974,2
8813,2
92008,2
3357,2
5682,2
568,2
4531,2
716,2
93040,2
6477,2
93297,2
56274,2
5334,2
5962,2
4534,2
6945,2
135887,2
3982,2
93988,2
2098,2
1421,2
2472,2
5348,2
1502,2
3581,2
4971,2
94969,2
573,2
6057,2
1679,2
95170,2
4213,2
95307,2
8829,2
95375,2
7020,2
5354,2
8831,2
4055,2
1893,2
95761,2
8835,2
238,2
1053,2
96150,2
56945,2
5372,2
8836,2
4360,2
57147,2
1925,2
57243,2
1624,2
57274,2
4552,2
6488,2
96861,2
1640,2
97188,2
57520,2
2481,2
6493,2
97639,2
325,2
2434,2
8839,2
5859,2
8840,2
7578,2
4990,2
3600,2
5963,2
5383,2
57910,2
98491,2
5804,2
3909,2
8864,2
6958,2
4268,2
99145,2
1857,2
2435,2
58105,2
6814,2
7311,2
7587,2
4471,2
6063,2
58156,2
6067,2
58162,2
5777,2
7314,2
214,2
6513,2
4043,2
4996,2
6837,2
3013,2
5397,2
6516,2
5398,2
58301,2
31030,2
2362,2
31083,2
5001,2
103606,2
58332,2
7074,2
58334,2
632,2
8875,2
104069,2
6527,2
6912,2
58379,2
104283,2
58418,2
6851,2
58432,2
104881,2
5002,2
104944,2
7025,2
105355,2
3390,2
105844,2
58972,2
1928,2
3391,2
106438,2
2415,2
1728,2
7026,2
2849,2
59018,2
106766,2
8881,2
106841,2
59103,2
106918,2
59118,2
31433,2
59126,2
107771,2
59143,2
31435,2
8884,2
2201,2
59258,2
7079,2
59306,2
2651,2
3392,2
110553,2
5007,2
111251,2
4216,2
3078,2
8905,2
5517,2
59421,2
111622,2
4217,2
7713,2
8906,2
1759,2
59604,2
5421,2
496,2
5427,2
59709,2
5428,2
7321,2
2853,2
59729,2
3643,2
3768,2
113705,2
580,2
114180,2
2566,2
7716,2
59908,2
5437,2
3017,2
32009,2
8911,2
32011,2
3399,2
116138,2
8912,2
2653,2
4475,2
7720,2
6545,2
116977,2
1686,2
6143,2
343,2
117867,2
60333,2
118898,2
4476,2
7725,2
60482,2
7727,2
5012,2
128,2
60514,2
128842,2
60526,2
130520,2
60647,2
32078,2
881,2
8134,2
8147,2
5940,2
83177,1
65126,1
5999,1
6076,1
8208,1
3782,1
93326,1
26176,1
120138,1
26178,1
69818,1
26188,1
78836,1
4598,1
88932,1
26198,1
8930,1
26199,1
110771,1
26203,1
62293,1
26208,1
7847,1
26219,1
8093,1
26230,1
106,1
6084,1
80779,1
26241,1
3119,1
6087,1
8816,1
6090,1
8894,1
2350,1
99912,1
26252,1
4570,1
6096,1
114373,1
2725,1
61167,1
4602,1
1383,1
962,1
66320,1
26289,1
68932,1
26302,1
70994,1
26313,1
72483,1
26318,1
3650,1
26322,1
5665,1
26324,1
8483,1
26325,1
8580,1
6115,1
8618,1
26336,1
87469,1
26342,1
8782,1
26350,1
91749,1
26356,1
94421,1
26359,1
95756,1
6116,1
1450,1
3184,1
8990,1
26388,1
1744,1
26391,1
108983,1
26393,1
112515,1
6124,1
116913,1
26398,1
130980,1
26403,1
7627,1
26413,1
5465,1
26414,1
64508,1
6125,1
7820,1
6127,1
67186,1
26431,1
5529,1
6129,1
69339,1
4607,1
70305,1
6141,1
71304,1
4608,1
72041,1
26476,1
72982,1
4609,1
74154,1
6154,1
5627,1
26487,1
77359,1
26488,1
8400,1
26491,1
79287,1
26492,1
320,1
3787,1
81257,1
26507,1
82362,1
26509,1
4441,1
26521,1
8639,1
26524,1
86892,1
963,1
8741,1
964,1
89356,1
26554,1
3721,1
3187,1
91339,1
26560,1
3143,1
26561,1
93865,1
26562,1
8886,1
26564,1
95482,1
26566,1
4516,1
26567,1
3154,1
26578,1
5975,1
4615,1
2339,1
3792,1
102880,1
1750,1
103755,1
6164,1
4567,1
26612,1
3180,1
4620,1
109947,1
26622,1
25918,1
26629,1
113378,1
26649,1
6047,1
6167,1
26101,1
26674,1
3777,1
6168,1
134393,1
26686,1
2246,1
3794,1
62049,1
6173,1
62526,1
26694,1
5468,1
26704,1
572,1
3795,1
64930,1
26713,1
65435,1
26714,1
66019,1
26717,1
66783,1
26720,1
67295,1
6175,1
7882,1
6176,1
68659,1
26743,1
69088,1
26744,1
7941,1
26745,1
70062,1
26746,1
7993,1
26750,1
791,1
6177,1
3625,1
26761,1
71728,1
26764,1
5589,1
26770,1
4346,1
4624,1
8201,1
26782,1
3641,1
26788,1
8258,1
6180,1
74752,1
26810,1
2637,1
3797,1
76808,1
6182,1
803,1
26838,1
8384,1
26840,1
8422,1
26842,1
8453,1
4626,1
79572,1
4627,1
79897,1
536,1
8503,1
26925,1
5737,1
26928,1
81641,1
26939,1
82041,1
26962,1
82722,1
4631,1
83910,1
26973,1
824,1
26974,1
85261,1
26999,1
3116,1
3192,1
4469,1
4634,1
8702,1
27005,1
87876,1
843,1
88724,1
27036,1
8757,1
27044,1
89678,1
27067,1
90343,1
6194,1
90624,1
27075,1
8824,1
6195,1
5884,1
4636,1
91978,1
27162,1
93063,1
27170,1
93707,1
27171,1
5916,1
27180,1
94659,1
967,1
8891,1
27204,1
95311,1
3804,1
95600,1
27253,1
8918,1
6207,1
96473,1
6208,1
8935,1
27316,1
3158,1
4640,1
4541,1
294,1
99117,1
3806,1
100304,1
2044,1
101739,1
6217,1
102666,1
845,1
8997,1
27408,1
103557,1
4645,1
104013,1
4646,1
25766,1
27420,1
25805,1
27423,1
25834,1
27434,1
6023,1
6222,1
109687,1
4647,1
110445,1
27515,1
25904,1
27544,1
25929,1
27555,1
112811,1
27564,1
114028,1
27584,1
114795,1
1470,1
26025,1
27595,1
117517,1
6227,1
4586,1
4653,1
121308,1
27619,1
129399,1
27648,1
132569,1
2737,1
5448,1
27664,1
61246,1
6231,1
61350,1
2738,1
5456,1
27695,1
62198,1
27700,1
7697,1
27704,1
62718,1
4659,1
63033,1
27716,1
63393,1
27717,1
7726,1
4660,1
64231,1
27722,1
7763,1
2047,1
7786,1
6236,1
2257,1
3813,1
65577,1
27735,1
65802,1
4663,1
3042,1
27758,1
66544,1
27765,1
67073,1
27768,1
67252,1
1115,1
4312,1
3207,1
67871,1
27776,1
7890,1
27778,1
68519,1
27784,1
68838,1
4672,1
7920,1
6243,1
7930,1
27797,1
69458,1
6244,1
200,1
3818,1
69860,1
4674,1
70208,1
2743,1
70488,1
6251,1
70824,1
27816,1
71069,1
27820,1
8024,1
2049,1
4335,1
1116,1
71482,1
27826,1
1670,1
6259,1
71838,1
27833,1
72176,1
6260,1
5598,1
3822,1
72692,1
4680,1
8190,1
6265,1
5605,1
3823,1
73268,1
27847,1
73469,1
27850,1
8235,1
27851,1
4355,1
27864,1
74508,1
1767,1
3651,1
27867,1
2284,1
27869,1
4365,1
4683,1
582,1
846,1
4374,1
6273,1
5645,1
6276,1
77427,1
27888,1
4383,1
1771,1
38,1
6280,1
8391,1
27912,1
8404,1
27922,1
78703,1
30701,1
8450,1
4688,1
3679,1
30712,1
4403,1
30721,1
79599,1
30742,1
71,1
1118,1
96,1
2055,1
80398,1
30798,1
2305,1
30800,1
4425,1
4693,1
5743,1
4695,1
5765,1
6289,1
8572,1
4696,1
3695,1
1119,1
82169,1
3222,1
82499,1
3833,1
83067,1
3224,1
83349,1
2753,1
84173,1
3229,1
822,1
2755,1
84847,1
30883,1
4445,1
30892,1
85394,1
4706,1
4460,1
4708,1
8647,1
30942,1
8657,1
30949,1
5829,1
30952,1
86947,1
30994,1
87298,1
30996,1
87529,1
31000,1
3124,1
3235,1
88356,1
31032,1
8753,1
31035,1
3126,1
31047,1
89302,1
31079,1
89480,1
6311,1
8779,1
6313,1
90154,1
31123,1
90382,1
31133,1
90576,1
717,1
4484,1
4711,1
8819,1
31188,1
91233,1
3239,1
91488,1
6319,1
4490,1
6320,1
91869,1
4714,1
92393,1
31247,1
92938,1
31251,1
93270,1
31255,1
93479,1
4716,1
5909,1
31290,1
93967,1
31347,1
94266,1
6324,1
94469,1
6325,1
94737,1
31413,1
94949,1
6326,1
8893,1
6327,1
5923,1
6330,1
1723,1
1123,1
5939,1
6332,1
95717,1
3845,1
95839,1
972,1
96009,1
4721,1
209,1
31445,1
96518,1
31467,1
96655,1
31485,1
96815,1
31502,1
97024,1
31522,1
5960,1
31528,1
5966,1
31539,1
5974,1
31553,1
5981,1
31584,1
99638,1
31617,1
100058,1
6336,1
100556,1
6337,1
101415,1
4722,1
101964,1
31687,1
102413,1
31689,1
102720,1
2061,1
8995,1
3850,1
9000,1
31698,1
103493,1
6344,1
9011,1
31724,1
103883,1
31737,1
104076,1
3851,1
104339,1
6346,1
105197,1
264,1
106002,1
3854,1
106441,1
31854,1
25828,1
6352,1
107141,1
6356,1
25842,1
31903,1
6024,1
31921,1
25866,1
31923,1
109802,1
31930,1
110337,1
31934,1
3773,1
31973,1
111235,1
3855,1
111460,1
2063,1
111921,1
974,1
112370,1
2765,1
112582,1
6368,1
112940,1
32025,1
25947,1
6369,1
114244,1
335,1
114673,1
32058,1
25971,1
4739,1
115881,1
4740,1
26038,1
32116,1
117109,1
32128,1
117851,1
6374,1
118896,1
32141,1
119432,1
32151,1
121171,1
32160,1
125916,1
32162,1
127294,1
32174,1
130448,1
32179,1
131248,1
6376,1
133545,1
32234,1
4593,1
32261,1
7586,1
32289,1
7613,1
2767,1
7617,1
981,1
3573,1
850,1
61394,1
1490,1
61634,1
32325,1
61950,1
32347,1
62115,1
6382,1
62245,1
32361,1
7675,1
32369,1
62437,1
4746,1
62577,1
32381,1
62733,1
32383,1
7703,1
32387,1
5467,1
32392,1
63189,1
32464,1
63446,1
32469,1
7724,1
32493,1
4283,1
3866,1
7751,1
6386,1
4286,1
336,1
2585,1
2777,1
7764,1
6394,1
7774,1
6398,1
65037,1
32627,1
65135,1
32657,1
7809,1
32666,1
7811,1
32668,1
65601,1
32674,1
65685,1
32721,1
65817,1
6400,1
4300,1
32743,1
3043,1
32770,1
66385,1
32781,1
66691,1
1798,1
66915,1
32862,1
67138,1
32882,1
1052,1
32892,1
67257,1
6407,1
7844,1
32914,1
67607,1
32999,1
7881,1
6408,1
67949,1
6409,1
3610,1
33072,1
3612,1
985,1
576,1
33113,1
68552,1
33138,1
7900,1
722,1
68858,1
4759,1
68945,1
6415,1
68965,1
6416,1
5532,1
6419,1
1054,1
6421,1
7935,1
33168,1
69493,1
4765,1
69606,1
33237,1
7946,1
2388,1
7948,1
33294,1
7954,1
2073,1
70173,1
33340,1
5550,1
33358,1
70344,1
33410,1
790,1
33421,1
8007,1
33424,1
70898,1
2785,1
8009,1
3880,1
8013,1
33463,1
2614,1
6429,1
8039,1
6432,1
71325,1
4773,1
71460,1
33558,1
5579,1
4774,1
8062,1
33592,1
8118,1
6435,1
8121,1
3881,1
71745,1
6437,1
8124,1
33644,1
5585,1
1133,1
72294,1
33649,1
5593,1
6441,1
2621,1
4782,1
72605,1
3886,1
72701,1
6447,1
8189,1
3888,1
72852,1
33683,1
8195,1
6449,1
73027,1
6450,1
73211,1
6451,1
73319,1
6452,1
73392,1
4785,1
73511,1
33815,1
1400,1
33817,1
74148,1
33826,1
1062,1
6455,1
8256,1
6459,1
1063,1
6460,1
8265,1
33861,1
74573,1
1134,1
74696,1
33896,1
5624,1
4788,1
8329,1
33905,1
2285,1
33912,1
3655,1
34002,1
76054,1
6465,1
5640,1
853,1
76317,1
34051,1
76755,1
34063,1
77296,1
6468,1
3669,1
34111,1
77414,1
34129,1
679,1
6469,1
77629,1
1807,1
5659,1
4791,1
8378,1
6478,1
78034,1
34164,1
4390,1
1809,1
8397,1
34306,1
8401,1
6481,1
8407,1
989,1
78655,1
6483,1
5674,1
3898,1
78898,1
34330,1
79073,1
3900,1
8456,1
34334,1
3680,1
6486,1
79299,1
1811,1
79533,1
34353,1
79590,1
3902,1
79663,1
6498,1
4410,1
3903,1
79870,1
3905,1
5694,1
34473,1
80166,1
34499,1
80339,1
6510,1
5721,1
6511,1
80586,1
3906,1
80729,1
6515,1
80844,1
2397,1
80864,1
6517,1
80939,1
34536,1
3691,1
34538,1
5755,1
6518,1
81568,1
6519,1
81736,1
6521,1
81804,1
34583,1
5776,1
34608,1
82022,1
34659,1
4433,1
34767,1
82242,1
35015,1
8593,1
35347,1
82534,1
6522,1
82767,1
6525,1
83132,1
1814,1
83293,1
36363,1
83803,1
6528,1
4439,1
6530,1
84189,1
6533,1
84469,1
4807,1
84615,1
1137,1
8615,1
36523,1
5796,1
6536,1
84980,1
1504,1
425,1
1822,1
2681,1
36531,1
85399,1
3913,1
4456,1
3276,1
85777,1
3279,1
2317,1
36539,1
8649,1
36545,1
8654,1
36553,1
8662,1
2086,1
8676,1
1825,1
8694,1
3284,1
3711,1
4818,1
87079,1
2800,1
8710,1
192,1
3122,1
1508,1
8718,1
6557,1
87867,1
37683,1
88063,1
3289,1
2007,1
3292,1
88327,1
1829,1
88468,1
6562,1
88746,1
1509,1
88879,1
1832,1
89000,1
4836,1
89085,1
1511,1
5854,1
1140,1
89337,1
37844,1
89388,1
1514,1
89535,1
37855,1
5862,1
6578,1
89780,1
37976,1
2008,1
3931,1
90266,1
3303,1
8792,1
38095,1
8799,1
38159,1
90528,1
6582,1
2689,1
855,1
5875,1
38388,1
90777,1
6585,1
8818,1
2812,1
8821,1
1143,1
91134,1
4853,1
91323,1
6592,1
91474,1
4854,1
2691,1
39052,1
8834,1
3944,1
5888,1
3945,1
91840,1
6598,1
3139,1
6601,1
92243,1
39307,1
4496,1
6602,1
92694,1
4860,1
93008,1
39408,1
93242,1
39414,1
8869,1
6609,1
93391,1
6612,1
93563,1
6613,1
93731,1
4861,1
5912,1
1144,1
93948,1
6616,1
5914,1
39481,1
94190,1
39703,1
94394,1
4864,1
94431,1
39779,1
94558,1
39796,1
94681,1
39869,1
5919,1
39886,1
94896,1
40148,1
8889,1
2817,1
95058,1
3313,1
95115,1
40412,1
95175,1
2818,1
4502,1
4868,1
5930,1
992,1
5936,1
6626,1
95517,1
1523,1
95588,1
40617,1
95628,1
6630,1
95738,1
40697,1
95765,1
6633,1
136,1
6635,1
95979,1
3323,1
96069,1
6638,1
96121,1
3954,1
96467,1
1844,1
4521,1
6644,1
96563,1
40870,1
96616,1
6645,1
96693,1
6646,1
96762,1
40955,1
8941,1
40959,1
96966,1
6648,1
291,1
40964,1
97395,1
4877,1
97742,1
40973,1
97870,1
40988,1
3161,1
6652,1
98065,1
6653,1
98239,1
3325,1
98585,1
4879,1
5988,1
2103,1
3756,1
3958,1
99741,1
2419,1
99957,1
3960,1
100108,1
41575,1
100383,1
41585,1
3757,1
41617,1
101285,1
6665,1
101531,1
2104,1
5996,1
41724,1
8988,1
41736,1
102294,1
41831,1
102481,1
6667,1
102686,1
3962,1
8993,1
6671,1
102989,1
3329,1
103075,1
1525,1
103203,1
6683,1
103255,1
3331,1
9007,1
6685,1
103541,1
6686,1
2342,1
1146,1
103667,1
42021,1
103801,1
42094,1
103984,1
42163,1
104017,1
42191,1
9019,1
6692,1
2030,1
42351,1
25757,1
4895,1
104925,1
42518,1
105213,1
42556,1
2031,1
6696,1
25797,1
42681,1
106407,1
3338,1
25819,1
42721,1
6017,1
4897,1
106785,1
6704,1
25839,1
856,1
107314,1
1850,1
107541,1
3970,1
108149,1
6710,1
25852,1
1853,1
108979,1
1854,1
109315,1
42783,1
109569,1
42958,1
109798,1
43014,1
109943,1
43333,1
6030,1
6716,1
110350,1
6719,1
110546,1
6720,1
110653,1
1531,1
110882,1
43497,1
25899,1
3974,1
111387,1
43558,1
25906,1
6723,1
6032,1
43589,1
25924,1
4913,1
112229,1
43677,1
112450,1
3345,1
3774,1
43708,1
112788,1
6728,1
25945,1
43832,1
113240,1
6729,1
113573,1
43869,1
113862,1
6730,1
114078,1
3976,1
25954,1
1533,1
114601,1
3349,1
114700,1
43914,1
4581,1
6735,1
115231,1
6737,1
6051,1
43923,1
116136,1
6739,1
116397,1
2113,1
116847,1
4919,1
26064,1
43934,1
117192,1
6747,1
6056,1
43987,1
117881,1
6748,1
118702,1
6749,1
26111,1
44058,1
26122,1
44100,1
119629,1
44168,1
120635,1
6750,1
121192,1
857,1
26128,1
1149,1
126921,1
1859,1
127152,1
4923,1
128968,1
1860,1
129859,1
44238,1
26144,1
6760,1
131013,1
6762,1
131796,1
44427,1
132796,1
1538,1
26148,1
2854,1
3780,1
44587,1
4258,1
4930,1
61123,1
1308,1
1040,1
44653,1
61210,1
44657,1
771,1
1309,1
659,1
6771,1
61255,1
4937,1
61312,1
44717,1
5455,1
44719,1
7625,1
4939,1
7626,1
44731,1
7636,1
1310,1
7638,1
6776,1
61862,1
1311,1
3574,1
44815,1
7648,1
6779,1
309,1
297,1
62203,1
44844,1
7650,1
44861,1
4269,1
6781,1
62376,1
44889,1
571,1
1313,1
1045,1
4949,1
62553,1
1314,1
62644,1
3370,1
62721,1
44978,1
3579,1
4952,1
62912,1
3371,1
7704,1
4955,1
5466,1
3372,1
7707,1
3377,1
3580,1
1872,1
63239,1
45175,1
2250,1
45183,1
4278,1
6795,1
63540,1
4959,1
3587,1
4960,1
3588,1
4961,1
4284,1
45335,1
7748,1
2127,1
64197,1
1315,1
5482,1
2449,1
64499,1
2129,1
2584,1
6811,1
5491,1
2451,1
64695,1
3389,1
310,1
6815,1
5496,1
6816,1
2256,1
6817,1
7787,1
45525,1
7789,1
45550,1
7790,1
45576,1
7791,1
6818,1
5499,1
45652,1
2593,1
45658,1
65465,1
4972,1
65558,1
45664,1
4297,1
6822,1
7817,1
6825,1
7821,1
6826,1
65731,1
45679,1
411,1
6827,1
2260,1
6829,1
66066,1
1874,1
66130,1
2131,1
66200,1
6840,1
66297,1
1551,1
666,1
45837,1
182,1
45852,1
5511,1
6849,1
66744,1
45928,1
5512,1
3393,1
5513,1
45981,1
5515,1
298,1
67168,1
46194,1
67193,1
46231,1
67223,1
46258,1
5519,1
4012,1
67267,1
6854,1
67361,1
114,1
67459,1
46347,1
67534,1
46430,1
3609,1
46441,1
7879,1
865,1
67799,1
46561,1
67923,1
46572,1
67957,1
4984,1
4315,1
46581,1
4317,1
46664,1
7891,1
6859,1
3613,1
46762,1
68288,1
46770,1
5531,1
46803,1
68522,1
4989,1
7899,1
1319,1
68690,1
46919,1
7901,1
4991,1
7916,1
46959,1
68923,1
6864,1
68941,1
1154,1
7919,1
1158,1
68956,1
1159,1
7922,1
1570,1
7923,1
3402,1
5534,1
4997,1
5538,1
47049,1
2607,1
2884,1
69394,1
4999,1
69436,1
47124,1
7938,1
1160,1
7939,1
1572,1
69604,1
47239,1
5543,1
47254,1
69712,1
5004,1
7947,1
5005,1
69830,1
47287,1
7951,1
6885,1
69917,1
47384,1
70008,1
47394,1
7976,1
47404,1
1664,1
1324,1
70282,1
1579,1
5551,1
1325,1
5552,1
47493,1
4328,1
47503,1
70495,1
47516,1
70567,1
2893,1
70641,1
2894,1
5558,1
6895,1
70862,1
6896,1
70984,1
47642,1
71011,1
6897,1
5559,1
47646,1
3056,1
47723,1
71131,1
47805,1
8015,1
6898,1
4334,1
6899,1
8033,1
2896,1
8041,1
6903,1
71322,1
47956,1
5571,1
6905,1
71450,1
6909,1
794,1
47978,1
3626,1
6910,1
71472,1
1890,1
71490,1
48001,1
8069,1
730,1
1669,1
6917,1
71537,1
6918,1
71573,1
868,1
71670,1
6924,1
71732,1
6926,1
71823,1
4035,1
8122,1
48301,1
5582,1
3422,1
797,1
3423,1
72171,1
5022,1
8131,1
2149,1
3632,1
3425,1
5591,1
6939,1
5597,1
1328,1
8158,1
1163,1
72479,1
2904,1
72591,1
4044,1
462,1
5035,1
72696,1
4045,1
72720,1
48522,1
8187,1
1165,1
72741,1
1166,1
72787,1
341,1
3069,1
1898,1
8194,1
2909,1
8196,1
2156,1
8199,1
48660,1
73042,1
48678,1
73168,1
48682,1
5607,1
2157,1
73276,1
5053,1
183,1
6962,1
1675,1
1899,1
73462,1
6965,1
8227,1
3437,1
73513,1
5056,1
73854,1
6971,1
73870,1
5059,1
8236,1
48825,1
74152,1
48856,1
8238,1
4065,1
74257,1
48879,1
8254,1
48909,1
74436,1
5061,1
8259,1
2487,1
74488,1
6977,1
8263,1
5063,1
5619,1
49013,1
8270,1
49050,1
8272,1
49110,1
8275,1
49123,1
74750,1
870,1
5623,1
6980,1
8294,1
49200,1
8327,1
49205,1
74944,1
1169,1
74948,1
6982,1
75406,1
49263,1
75440,1
1903,1
3658,1
4070,1
76030,1
49276,1
2638,1
4072,1
3667,1
6986,1
76210,1
4077,1
4373,1
49284,1
76701,1
3442,1
76751,1
49330,1
76763,1
3443,1
77233,1
49389,1
77303,1
49394,1
77326,1
5078,1
3670,1
5079,1
77364,1
5080,1
77421,1
49528,1
77449,1
6994,1
77496,1
49642,1
77596,1
49644,1
77658,1
6995,1
77774,1
2920,1
4384,1
6997,1
8377,1
871,1
8381,1
3446,1
78019,1
4083,1
681,1
1905,1
2646,1
7005,1
8388,1
7006,1
8392,1
49932,1
8399,1
5095,1
78332,1
5096,1
78358,1
5097,1
8405,1
50011,1
2292,1
50064,1
1987,1
50066,1
78679,1
5098,1
8444,1
50151,1
78774,1
50153,1
78893,1
873,1
79006,1
5100,1
5675,1
50162,1
8452,1
50183,1
8455,1
7014,1
1988,1
50253,1
79228,1
7015,1
4398,1
3449,1
4400,1
732,1
75,1
50447,1
8465,1
1008,1
1412,1
50583,1
2298,1
876,1
2299,1
50641,1
79627,1
50651,1
79677,1
7021,1
8484,1
178,1
8486,1
4093,1
79800,1
124,1
8488,1
4098,1
79929,1
3457,1
80094,1
50796,1
4416,1
3459,1
8494,1
50800,1
5710,1
7029,1
80363,1
7030,1
5720,1
5112,1
5731,1
50842,1
80572,1
5113,1
283,1
4104,1
8518,1
7038,1
80748,1
50886,1
5735,1
7039,1
80846,1
2930,1
8522,1
50954,1
8524,1
51044,1
8527,1
7042,1
5738,1
7043,1
5745,1
5117,1
286,1
4108,1
81276,1
4111,1
324,1
7047,1
8540,1
5122,1
5769,1
51094,1
81660,1
51174,1
2309,1
2931,1
4431,1
5124,1
8576,1
3464,1
5773,1
51304,1
81880,1
3465,1
8584,1
5133,1
8586,1
1599,1
5778,1
51418,1
82095,1
4122,1
8591,1
5136,1
82337,1
5137,1
82378,1
51632,1
8595,1
495,1
82527,1
5140,1
82641,1
5141,1
82739,1
51666,1
82852,1
1915,1
83086,1
51698,1
59,1
167,1
83219,1
5149,1
83302,1
5150,1
821,1
1180,1
83827,1
884,1
83912,1
7071,1
84156,1
5154,1
84187,1
5157,1
1423,1
1184,1
5788,1
4130,1
84523,1
51991,1
8612,1
5161,1
8613,1
5162,1
84716,1
52153,1
8616,1
2509,1
84942,1
5166,1
84950,1
7081,1
8619,1
5167,1
5797,1
1349,1
1428,1
52285,1
85259,1
5169,1
2679,1
52299,1
85372,1
388,1
85397,1
1922,1
3115,1
52356,1
85438,1
52375,1
85547,1
52378,1
8642,1
5172,1
85780,1
52456,1
85796,1
7088,1
3118,1
52460,1
8648,1
5173,1
86295,1
52528,1
8651,1
5176,1
326,1
4136,1
5818,1
5179,1
5820,1
52606,1
86715,1
5181,1
4470,1
52668,1
8692,1
7094,1
5832,1
7095,1
8700,1
5184,1
86922,1
52717,1
87004,1
4138,1
87105,1
52724,1
8705,1
52730,1
4472,1
5190,1
5839,1
52806,1
8716,1
52867,1
87483,1
5193,1
8720,1
5196,1
87572,1
5198,1
8722,1
5212,1
87960,1
5213,1
8725,1
4139,1
8727,1
633,1
8734,1
53002,1
88280,1
243,1
88349,1
889,1
8744,1
5221,1
88674,1
7131,1
8745,1
1926,1
8746,1
53127,1
88812,1
5223,1
88901,1
53133,1
88954,1
53161,1
89018,1
4145,1
89045,1
4146,1
89087,1
7141,1
8761,1
391,1
89260,1
5228,1
89305,1
53352,1
8767,1
5230,1
89367,1
7148,1
5855,1
1612,1
3127,1
4150,1
89638,1
2189,1
8773,1
5234,1
8778,1
3490,1
8780,1
3491,1
5863,1
53569,1
89877,1
1613,1
598,1
53578,1
8785,1
53737,1
90310,1
53769,1
90357,1
5241,1
3132,1
53912,1
5869,1
53919,1
5870,1
7157,1
90524,1
5242,1
5873,1
5244,1
8809,1
4156,1
90620,1
3496,1
90645,1
5248,1
90717,1
5249,1
4485,1
53999,1
90863,1
7165,1
8817,1
2955,1
90939,1
54075,1
8820,1
54094,1
8823,1
5251,1
8825,1
1930,1
91140,1
54251,1
91290,1
54256,1
91325,1
7170,1
91386,1
2525,1
4486,1
5256,1
831,1
5258,1
476,1
5264,1
91548,1
4162,1
91628,1
4163,1
91653,1
54290,1
91671,1
54328,1
91831,1
54372,1
91842,1
54419,1
1720,1
54491,1
1439,1
7181,1
8850,1
7182,1
8852,1
54612,1
2695,1
7183,1
92507,1
2526,1
3144,1
54734,1
92738,1
7186,1
93006,1
54745,1
4500,1
54768,1
93126,1
5269,1
93265,1
7191,1
8867,1
54783,1
93324,1
7193,1
5908,1
54787,1
93443,1
5277,1
8871,1
7196,1
8872,1
54910,1
93729,1
54934,1
93740,1
54958,1
600,1
54962,1
8877,1
54978,1
93892,1
54986,1
93950,1
7198,1
93980,1
7199,1
94027,1
7201,1
94153,1
7202,1
94192,1
7205,1
94323,1
55063,1
94410,1
7206,1
94423,1
4165,1
5918,1
55078,1
94478,1
4166,1
94657,1
2965,1
8882,1
55110,1
94735,1
55116,1
94752,1
304,1
8885,1
55154,1
94867,1
4171,1
94928,1
55178,1
94951,1
55190,1
94967,1
55207,1
94972,1
5289,1
8892,1
7213,1
95113,1
7214,1
95135,1
4172,1
8903,1
244,1
95177,1
2197,1
95216,1
55255,1
95309,1
4182,1
5927,1
55259,1
5932,1
5295,1
95446,1
7220,1
95480,1
7221,1
1725,1
55272,1
95541,1
4183,1
95567,1
7225,1
95591,1
7227,1
95606,1
895,1
95654,1
7230,1
95720,1
4185,1
95740,1
55288,1
3737,1
397,1
95837,1
55292,1
95856,1
7236,1
95873,1
55391,1
95977,1
7237,1
96004,1
749,1
96052,1
7248,1
96075,1
55451,1
96110,1
7249,1
4518,1
7250,1
96432,1
7251,1
96471,1
7253,1
96486,1
5301,1
96496,1
1360,1
96520,1
5304,1
5947,1
5305,1
8931,1
7259,1
96621,1
3509,1
96667,1
641,1
5949,1
5310,1
138,1
7274,1
8938,1
7275,1
4523,1
7277,1
96832,1
55901,1
2705,1
5311,1
97002,1
55946,1
97168,1
7283,1
211,1
2536,1
713,1
7287,1
97470,1
7291,1
97707,1
7292,1
3750,1
4192,1
4536,1
5315,1
97904,1
7297,1
5968,1
56165,1
8962,1
7299,1
2711,1
7301,1
98122,1
2537,1
98203,1
7304,1
98243,1
2977,1
5977,1
7307,1
3165,1
56286,1
5983,1
7308,1
1733,1
7310,1
5990,1
56350,1
99351,1
4198,1
99728,1
56389,1
8979,1
56474,1
4550,1
56479,1
100010,1
56563,1
100089,1
7312,1
100163,1
402,1
100344,1
56614,1
100390,1
56633,1
100581,1
56693,1
100843,1
7315,1
101220,1
56719,1
101360,1
56744,1
1098,1
4201,1
101577,1
4202,1
101741,1
5328,1
8986,1
7320,1
8987,1
2979,1
263,1
5332,1
102286,1
5333,1
8991,1
56908,1
8992,1
4204,1
102588,1
5335,1
102684,1
5337,1
102716,1
2982,1
102753,1
7335,1
102819,1
4206,1
8994,1
57223,1
102991,1
7343,1
8996,1
5344,1
103107,1
57282,1
8998,1
57353,1
8999,1
3520,1
9001,1
57418,1
103306,1
57464,1
9005,1
57476,1
103384,1
57502,1
9008,1
4209,1
103543,1
5350,1
103572,1
7349,1
103624,1
7352,1
103659,1
5352,1
9013,1
2207,1
9014,1
57536,1
9015,1
57538,1
9017,1
57637,1
103990,1
3522,1
104015,1
5355,1
960,1
57843,1
104137,1
57845,1
1743,1
5357,1
104243,1
5359,1
104312,1
57964,1
25755,1
5360,1
25763,1
5361,1
25769,1
58078,1
6011,1
2984,1
25773,1
7368,1
105217,1
754,1
105468,1
5367,1
4569,1
2209,1
106011,1
2543,1
25802,1
58185,1
106330,1
58191,1
25807,1
58223,1
106452,1
58228,1
25820,1
2545,1
106540,1
7375,1
841,1
197,1
25830,1
7377,1
25833,1
563,1
25835,1
649,1
107069,1
5381,1
107312,1
58306,1
25840,1
5382,1
107410,1
2213,1
107684,1
3537,1
107958,1
58347,1
108188,1
2214,1
108571,1
58367,1
25855,1
2552,1
108949,1
7391,1
6025,1
58381,1
109280,1
7393,1
109372,1
2996,1
3772,1
58490,1
109673,1
2219,1
109742,1
58576,1
109800,1
5390,1
109846,1
58655,1
109945,1
7397,1
6028,1
58816,1
110127,1
58839,1
110342,1
58876,1
110407,1
58889,1
110501,1
7398,1
25891,1
58975,1
110611,1
58992,1
110730,1
7405,1
110781,1
7406,1
111113,1
7407,1
25898,1
7410,1
25901,1
2999,1
111375,1
59037,1
25905,1
59065,1
111529,1
2227,1
25916,1
7415,1
25920,1
7416,1
111815,1
59141,1
112070,1
5393,1
6034,1
7418,1
6036,1
5394,1
25931,1
59295,1
6039,1
7420,1
112460,1
5395,1
25938,1
59333,1
112580,1
59339,1
25941,1
59362,1
25943,1
5396,1
112818,1
3547,1
112897,1
1368,1
113103,1
59418,1
25946,1
2556,1
113453,1
1369,1
113696,1
59440,1
25951,1
2559,1
114007,1
59549,1
114060,1
5409,1
6041,1
5410,1
114246,1
59625,1
114342,1
4236,1
114552,1
4237,1
25959,1
59727,1
114678,1
764,1
25961,1
7457,1
114847,1
3553,1
115122,1
59795,1
115210,1
7459,1
115467,1
564,1
6049,1
59910,1
26002,1
59915,1
116030,1
59985,1
26003,1
7474,1
116217,1
7475,1
26034,1
7478,1
26051,1
60044,1
26052,1
3010,1
116915,1
4242,1
116989,1
5423,1
26078,1
220,1
117364,1
60137,1
26082,1
60141,1
117590,1
7487,1
26085,1
60201,1
118246,1
60243,1
118700,1
60289,1
118890,1
60291,1
4583,1
37,1
26113,1
60365,1
119153,1
60382,1
119186,1
5431,1
119565,1
60408,1
120132,1
60418,1
120466,1
60471,1
121099,1
3014,1
121190,1
7521,1
121231,1
60503,1
26123,1
7523,1
123121,1
60516,1
126426,1
5435,1
126987,1
60609,1
127146,1
4249,1
127188,1
60654,1
3778,1
5438,1
26139,1
5439,1
129779,1
60707,1
129937,1
60745,1
130490,1
7571,1
130578,1
768,1
130982,1
5442,1
131176,1
769,1
131656,1
1038,1
132157,1
4256,1
132594,1
7580,1
26147,1
4257,1
133897,1
7582,1
134368,1
60948,1
134783,1
7583,1
4591,1
60990,1
61009,1
Grand Total,100234